Store_ID,Avg_Daily_Traffic,Marketing_Spend,Store_Size_SqFt,Competitor_Distance_km,Avg_Employee_Exp,Product_Variety,Discount_Rate,Local_Population,Monthly_Revenue
1,152,3180,3652,1.6,7.1,622,0.16,5074,61412.23
2,485,5892,2496,6.0,3.8,1471,0.06,31498,71838.54
3,398,8043,2440,5.6,8.2,1561,0.13,70522,84359.02
4,320,1137,1304,5.3,6.9,1338,0.02,25541,56852.87
5,156,7327,1735,18.2,7.1,528,0.07,50929,72577.81
6,121,4472,4568,5.4,1.0,890,0.11,31028,64198.03
7,238,6449,3338,5.8,8.6,1621,0.13,34545,73128.67
8,70,3832,2963,15.3,5.8,1663,0.29,84569,64301.72
9,152,4579,3149,9.3,3.9,846,0.24,36673,57914.68
10,171,6971,3009,15.6,5.4,466,0.22,35974,64993.49
11,264,5164,4338,1.8,1.0,412,0.16,63899,69645.31
12,380,8941,3914,10.0,6.2,637,0.25,28097,98668.1
13,137,6569,4015,1.2,1.9,1020,0.1,98144,68531.15
14,422,5300,4693,1.7,1.0,1177,0.21,69824,74391.01
15,149,7269,4021,18.2,1.0,1664,0.3,28525,76971.75
16,409,4818,3889,3.2,8.3,1590,0.09,62804,85540.52
17,201,2906,1961,10.9,3.1,964,0.2,20043,55574.58
18,180,7254,3989,8.5,9.6,1287,0.25,46846,80734.08
19,199,1760,4848,7.3,3.4,881,0.27,82261,66250.19
20,358,8830,2026,18.0,1.0,433,0.22,55227,73627.87
21,307,8350,3132,0.9,1.7,1670,0.09,58028,72840.22
22,393,7238,4865,13.4,8.7,897,0.1,42383,93562.96
23,463,7090,3375,19.3,4.5,447,0.01,34483,102086.93
24,343,7031,3863,11.4,3.4,372,0.23,12265,87918.16
25,435,8687,2473,18.8,5.5,1062,0.01,27763,95901.63
26,241,9472,3501,1.5,6.5,819,0.26,80652,75367.89
27,493,2887,2947,8.7,8.4,1873,0.04,20733,84116.74
28,326,4266,3676,5.6,9.3,1537,0.05,96038,86010.7
29,210,1666,4292,14.8,3.9,599,0.14,42420,69715.47
30,363,5188,2177,19.6,1.0,1216,0.22,14247,73023.11
31,71,1671,1664,5.5,3.8,784,0.04,28840,46191.59
32,302,7777,1011,13.3,5.8,178,0.13,70149,76000.58
33,285,8570,2156,4.4,2.1,721,0.14,26058,78270.38
34,394,8956,1303,11.5,2.1,1340,0.06,39929,84851.43
35,98,6124,4364,9.5,6.0,1046,0.03,89171,74436.67
36,108,6585,4022,19.5,4.9,457,0.25,96164,74111.79
37,219,5777,4371,12.4,5.1,717,0.15,36362,77936.89
38,237,4900,2763,7.3,2.7,606,0.0,91489,69394.25
39,320,7677,3830,2.7,4.3,1682,0.24,89664,79733.8
40,239,7981,1042,3.4,2.2,1304,0.29,52356,58350.35
41,495,7376,1943,4.9,7.7,675,0.18,82597,84938.23
42,224,1523,3390,5.4,8.1,1369,0.15,11041,67556.28
43,495,3393,2349,17.1,1.0,343,0.26,83209,74299.54
44,100,3593,4885,11.4,2.2,605,0.29,66954,63822.91
45,413,8240,3545,10.7,1.0,521,0.23,66869,88747.16
46,104,7937,3411,2.7,3.0,1443,0.13,26059,69536.2
47,293,7190,1890,17.3,4.7,1210,0.18,49722,67551.81
48,369,6240,3474,14.6,1.0,316,0.21,22548,84223.8
49,180,7493,2004,1.8,2.2,1613,0.06,20078,66036.29
50,356,3878,1020,14.3,2.0,1642,0.13,10419,62464.86
51,184,5143,1406,11.1,5.6,1401,0.25,40490,65620.78
52,70,4644,3666,2.1,5.2,1972,0.2,81086,66077.0
53,378,5432,2014,9.4,2.8,1845,0.12,63760,75559.84
54,216,2276,1335,10.0,5.5,1108,0.2,35337,48551.5
55,323,6811,2838,3.7,3.4,1292,0.04,6468,71544.44
56,437,1302,4188,18.9,4.2,429,0.12,29309,84732.68
57,138,1638,2147,17.1,10.0,749,0.24,71344,49312.88
58,365,1055,3446,13.5,9.0,1564,0.07,95283,72950.76
59,63,9717,3840,9.5,1.1,490,0.06,77255,78950.13
60,291,9150,2827,8.5,7.5,1619,0.29,86899,76232.96
61,314,3125,1714,13.2,7.4,480,0.06,33718,68216.72
62,395,1364,1050,11.1,1.6,1429,0.08,99337,60214.15
63,102,7809,4854,1.7,7.5,841,0.29,42841,70819.12
64,435,5621,1323,10.5,9.6,919,0.22,78548,86168.85
65,389,6126,1788,16.2,1.6,772,0.21,88565,69318.85
66,141,6122,1140,9.5,2.2,612,0.26,51660,58339.68
67,416,2646,1469,1.5,8.1,1871,0.03,55281,64215.02
68,493,1918,1786,15.8,5.8,1048,0.21,5767,71281.58
69,477,3797,2825,4.4,6.7,1311,0.15,8895,70348.52
70,313,7506,2357,5.5,6.0,1029,0.25,63026,82505.36
71,480,6870,2916,3.7,6.2,1639,0.15,47968,87369.42
72,84,2531,1963,6.9,1.0,1012,0.19,45097,52262.2
73,255,9172,4055,15.3,8.1,743,0.14,20332,88603.91
74,130,4345,1372,10.6,8.5,526,0.14,19621,57888.83
75,469,8673,4635,4.5,4.3,601,0.23,81870,97941.65
76,99,7949,3541,17.6,4.9,829,0.19,23174,78603.92
77,409,7882,4610,17.7,1.0,1383,0.19,45502,98429.93
78,437,2906,2692,17.5,6.5,1636,0.14,41674,76908.41
79,51,4086,3798,5.2,6.7,170,0.16,42260,72108.13
80,439,9152,2179,9.3,4.8,577,0.22,47498,87750.21
81,103,6750,3338,19.7,8.4,1301,0.25,72609,63419.23
82,155,9905,2671,15.6,4.0,556,0.21,54464,80941.01
83,309,2062,4215,1.0,6.7,288,0.28,76805,73418.32
84,359,2976,1105,1.8,1.9,390,0.25,69919,48086.47
85,240,2296,2443,9.5,4.9,1643,0.17,59469,54119.22
86,451,7229,3717,18.2,4.5,1888,0.2,22194,90220.05
87,267,8641,2681,11.0,5.7,1019,0.28,31811,75695.62
88,93,1125,1001,10.2,3.9,391,0.19,77377,37732.99
89,211,5632,3636,2.6,4.6,855,0.25,48723,73572.49
90,251,7288,3691,13.3,7.5,1758,0.21,80235,92550.66
91,495,4596,3137,16.5,3.7,1934,0.17,81298,72351.75
92,319,7168,4416,7.9,1.0,1406,0.07,64238,81891.73
93,400,8561,1349,15.6,10.2,1667,0.13,7147,90641.49
94,353,9258,4530,19.3,9.1,1969,0.29,43445,104937.39
95,320,1232,2286,4.5,1.1,476,0.2,58803,61975.7
96,264,7371,4422,10.7,7.1,1781,0.17,66108,78119.53
97,301,5206,4179,6.1,3.5,1279,0.28,7013,62367.68
98,239,8943,4657,16.0,5.8,607,0.18,90617,104375.06
99,345,7891,2062,11.8,5.9,1536,0.16,87410,85200.17
100,262,7738,3956,12.9,4.3,627,0.23,58502,81687.14
101,257,3472,3206,16.1,2.6,1478,0.21,42755,68703.99
102,286,3739,4654,8.2,2.9,658,0.06,13733,76403.09
103,387,6401,4006,18.3,2.3,1886,0.14,14479,85655.4
104,416,2761,3359,10.9,2.5,1310,0.14,80361,73136.89
105,102,1876,4312,3.6,4.8,1154,0.11,26304,59562.07
106,329,4812,1444,14.1,2.9,359,0.16,40694,76533.65
107,459,2460,3345,16.0,7.0,520,0.12,86171,85672.26
108,266,2733,1951,6.7,9.5,1652,0.06,91296,72200.62
109,301,2605,1035,17.2,3.3,1674,0.12,14490,52022.14
110,237,6622,2107,18.2,5.7,403,0.02,26252,75115.01
111,429,7767,2475,5.9,6.5,1041,0.17,11862,86087.23
112,90,7986,4957,19.7,6.4,1162,0.26,74959,77287.5
113,206,4517,2798,3.2,5.2,1612,0.22,15450,68350.3
114,64,4735,2845,4.4,7.2,1767,0.11,61022,63141.05
115,350,9434,2408,4.1,6.4,641,0.03,66991,84156.21
116,114,3590,2195,17.9,1.3,1793,0.06,45927,56178.33
117,394,2063,2399,13.3,7.6,1401,0.16,93090,76803.33
118,376,5324,2708,3.5,7.7,1326,0.06,54853,73184.81
119,58,6342,2385,9.1,2.7,1189,0.16,36826,65971.93
120,393,1005,3606,12.5,5.1,207,0.07,47879,70084.81
121,178,8489,3938,2.1,7.0,367,0.25,62265,83386.98
122,185,9659,3188,17.7,4.4,321,0.12,77361,86650.82
123,112,9195,3934,16.2,8.2,1927,0.07,82990,99620.97
124,188,6966,4989,10.4,12.1,1653,0.24,94787,85706.04
125,130,9837,4189,19.4,2.6,1213,0.1,91184,85389.59
126,441,1117,2300,8.6,1.0,792,0.03,45736,54370.37
127,212,3551,3773,19.7,5.9,354,0.17,29530,68684.21
128,468,6560,2243,13.5,7.2,1578,0.17,83052,90110.64
129,338,5289,4976,12.9,4.3,352,0.21,52058,94297.82
130,428,1846,4097,3.7,9.4,356,0.07,79094,82105.4
131,310,7316,1520,17.7,1.0,482,0.13,79255,73571.04
132,280,7469,2806,8.8,7.1,541,0.08,9886,76668.93
133,90,9915,1009,3.7,3.2,1981,0.02,98721,68632.09
134,77,1224,1983,0.7,10.2,698,0.26,42387,40643.99
135,184,5208,3425,11.4,11.0,1213,0.22,26575,69704.24
136,250,7283,2656,10.8,2.7,1872,0.09,44643,73286.65
137,377,3048,2660,14.5,3.4,489,0.18,15100,59974.3
138,317,7233,3729,17.9,7.6,681,0.06,65356,85237.08
139,467,2828,3631,2.0,3.8,1167,0.27,12856,81518.95
140,82,2917,3199,14.8,4.9,1835,0.03,43169,53011.96
141,97,5234,1719,4.2,5.1,1787,0.0,33804,50406.26
142,456,7988,2072,17.2,1.0,697,0.15,40790,85583.16
143,111,3026,4225,16.5,5.0,118,0.17,35988,67922.52
144,265,4744,1858,11.0,2.9,1224,0.17,81448,62298.88
145,342,1009,2316,14.3,3.5,706,0.02,43506,52140.13
146,148,1260,2603,6.6,9.3,1889,0.09,92904,60137.45
147,221,7038,1049,9.7,1.2,1480,0.15,72306,59743.73
148,409,3219,3711,16.5,7.4,1665,0.06,17305,89814.25
149,263,8041,3578,9.5,4.2,1884,0.26,14969,78288.91
150,84,3060,4683,7.5,4.2,132,0.03,17404,69357.47
151,498,6287,4131,10.1,7.4,1352,0.15,13989,101846.42
152,276,2619,4238,16.7,6.0,1647,0.21,70305,72762.29
153,150,9512,4273,7.0,6.7,1753,0.08,40983,91203.25
154,480,2342,3904,3.9,7.9,961,0.19,44462,71853.28
155,180,3832,1145,14.4,4.0,254,0.25,24360,56239.45
156,306,3824,1914,16.6,3.2,1546,0.06,90657,73353.14
157,54,2994,4747,2.5,1.7,1004,0.28,31287,58159.46
158,267,4490,4040,5.2,2.5,1369,0.17,70472,82451.12
159,304,8984,2462,3.3,13.8,504,0.09,66313,91883.79
160,447,2604,3289,7.3,8.7,943,0.13,39160,75830.64
161,408,1235,1580,9.3,1.0,1882,0.09,11789,70959.43
162,332,2908,3734,15.1,1.0,1664,0.22,32181,78512.51
163,442,9567,2584,13.2,6.4,1284,0.24,19385,86306.46
164,256,4530,1482,12.6,6.6,846,0.25,87597,60279.18
165,64,6256,4179,7.4,6.6,1825,0.3,70641,64972.21
166,395,3635,2249,16.9,4.2,1240,0.24,49247,75378.15
167,91,9162,1672,9.7,4.6,370,0.18,91673,70901.79
168,429,3560,1630,19.6,6.0,869,0.1,10544,77897.26
169,228,6415,3708,12.9,5.3,1815,0.16,18275,71185.45
170,112,4391,1661,3.0,1.0,1610,0.01,68248,46287.54
171,401,6951,4503,13.7,4.3,271,0.22,39550,91621.57
172,280,6468,3852,6.8,2.4,373,0.13,58693,68054.4
173,290,9007,4726,13.9,5.5,358,0.01,24641,93141.86
174,101,7413,3466,1.9,14.0,1258,0.02,76749,86151.17
175,145,7941,1987,3.9,6.1,1806,0.12,85021,60087.62
176,437,5820,4526,17.2,4.1,1845,0.18,20605,100116.3
177,271,3898,4231,4.9,7.8,1871,0.14,55713,80704.75
178,456,8546,2546,16.8,6.4,521,0.19,25390,92614.31
179,280,1077,1649,5.9,6.3,1544,0.14,80403,50081.64
180,286,8577,1968,13.0,6.8,1309,0.2,63466,85330.14
181,192,5227,3637,14.0,11.2,463,0.07,8981,77027.3
182,220,1600,2100,10.5,1.6,1730,0.03,14493,49160.01
183,78,2065,3556,6.5,6.4,477,0.18,76218,55605.66
184,85,3136,1440,4.6,2.2,1646,0.15,76318,33206.83
185,62,7943,4325,1.1,6.7,679,0.01,21984,68454.12
186,209,8804,1920,6.4,2.2,990,0.11,27760,69183.69
187,376,7565,1769,13.2,3.7,821,0.03,96529,82718.48
188,236,6984,2343,18.8,4.1,1319,0.16,6524,72359.13
189,292,6142,2826,17.5,7.9,980,0.12,54402,81617.95
190,135,5670,1262,15.4,7.8,1221,0.18,96656,55702.7
191,333,3190,4668,15.9,1.3,704,0.24,70614,81072.42
192,115,3712,4729,13.5,5.2,121,0.09,40891,72681.41
193,219,3192,4906,5.6,2.9,1573,0.29,96009,69398.73
194,94,2248,2577,18.2,1.2,1295,0.16,44832,55470.25
195,111,5033,4445,13.6,4.3,482,0.19,50836,72464.64
196,490,2997,3684,11.4,4.1,233,0.2,78953,77292.14
197,183,4687,4238,2.7,12.3,1549,0.2,18362,81699.27
198,333,5018,4824,9.2,6.3,1148,0.15,71745,86008.41
199,77,2970,3506,9.5,1.0,602,0.13,42921,53911.4
200,157,9389,1998,17.4,3.3,1308,0.02,75434,77763.73
201,93,6765,4351,11.2,8.1,1208,0.01,23562,80150.17
202,389,2202,1699,7.9,11.3,1690,0.11,69510,67822.17
203,335,9135,3349,19.5,1.0,1886,0.1,81407,92880.53
204,495,6567,4602,2.7,1.0,243,0.12,12610,83931.7
205,380,8667,2603,8.7,10.6,1986,0.04,97918,88252.04
206,177,6742,2241,1.3,6.2,1802,0.22,20791,67727.32
207,397,6788,2125,14.9,2.4,1535,0.26,63047,77362.8
208,280,6408,3601,18.4,6.6,323,0.28,72906,89085.97
209,239,9669,3335,6.0,1.0,319,0.15,24665,82176.4
210,274,1922,2190,17.2,5.0,278,0.21,75246,59152.86
211,434,1419,3668,6.2,6.0,1754,0.26,70864,73672.48
212,426,3204,2005,18.3,7.8,532,0.13,51451,82572.95
213,332,2120,1035,15.2,2.0,364,0.09,91148,59069.9
214,495,1950,1743,16.2,5.3,1053,0.28,50890,73242.92
215,170,3336,2764,0.9,2.2,528,0.15,11794,52619.15
216,165,6373,1352,19.3,5.8,1785,0.15,37888,73044.2
217,282,3243,4747,14.7,2.3,515,0.05,11749,73810.55
218,308,3645,2922,6.4,3.8,1576,0.03,51531,69337.72
219,408,5612,1072,16.7,2.0,826,0.25,25608,83293.53
220,247,2865,3695,6.0,7.0,296,0.18,85986,70314.41
221,460,7028,2376,17.5,7.6,1677,0.1,74211,89210.44
222,186,8326,2914,2.7,4.3,1176,0.06,88996,71781.54
223,367,7371,2093,14.2,5.1,579,0.17,61017,81071.29
224,214,7359,3472,11.0,1.0,1566,0.18,62676,79093.23
225,274,8863,4046,2.4,4.1,1453,0.06,16560,85947.89
226,356,4228,1707,5.2,4.8,1374,0.26,59401,60576.36
227,283,4719,2804,0.7,12.9,1930,0.03,55468,72025.52
228,221,3371,3608,9.6,1.7,989,0.11,37463,65363.25
229,201,3891,3875,6.4,9.4,1906,0.2,36663,71909.97
230,364,4756,4713,12.2,8.0,1024,0.08,73706,91607.88
231,423,5225,1955,6.3,5.8,222,0.25,63773,77637.45
232,209,1094,3564,6.3,10.3,1510,0.22,38123,76438.8
233,145,3674,3475,15.0,6.1,1462,0.24,99346,59536.83
234,282,7898,4610,1.4,6.2,877,0.04,14718,90778.31
235,229,1793,1159,18.1,4.8,447,0.04,67637,56565.54
236,162,3116,3196,17.1,8.7,128,0.09,5028,60555.12
237,367,6779,3823,13.5,8.3,1074,0.16,67370,97499.65
238,491,7166,4301,12.1,3.1,134,0.22,52599,96608.87
239,101,1814,2735,17.9,1.0,1641,0.25,22397,55616.03
240,317,1345,2585,4.1,4.4,1519,0.21,50406,48662.91
241,344,9554,1066,2.0,2.6,722,0.28,52657,70889.92
242,435,3443,4061,5.2,4.8,1417,0.22,72560,72188.02
243,436,8783,4883,16.0,8.7,688,0.09,18503,119179.5
244,162,1984,3428,1.2,3.6,1472,0.08,59943,60314.75
245,150,8790,1057,11.9,4.9,1270,0.21,80839,64500.16
246,162,1827,4330,19.9,5.2,1190,0.06,87674,62097.81
247,489,4531,1341,17.2,7.5,1003,0.03,30345,81518.28
248,130,8147,4909,10.7,1.0,619,0.16,55390,85698.11
249,236,5451,2153,1.7,3.2,221,0.25,64557,51792.73
250,162,4876,3774,16.7,5.6,439,0.03,70054,70589.13
251,51,6959,2195,12.2,8.6,274,0.24,6906,61174.08
252,179,1126,3817,2.7,3.5,1814,0.24,45167,58197.73
253,269,4177,3661,2.3,1.0,696,0.14,12961,63186.85
254,103,9795,2232,18.2,6.9,550,0.02,31140,79855.32
255,392,7024,4874,13.5,3.1,656,0.05,63701,95265.27
256,273,6109,3401,16.7,1.4,1259,0.21,82567,72240.6
257,274,5146,2494,17.6,3.1,1978,0.21,85664,64189.57
258,434,8196,2821,11.6,4.4,1139,0.27,86199,94741.43
259,452,4368,1115,10.6,3.2,1456,0.17,86218,75391.43
260,175,4797,4335,8.9,1.0,1318,0.04,85729,70763.91
261,179,2792,1661,6.7,7.7,1619,0.04,33561,57541.78
262,102,6732,4883,9.0,8.8,108,0.22,55568,87116.07
263,221,4476,2465,15.6,7.0,1951,0.06,78302,71786.27
264,267,4417,4619,12.2,1.6,433,0.1,99968,74300.61
265,209,2645,3500,17.9,4.4,1456,0.15,34504,67931.7
266,247,4030,2868,9.1,5.0,1116,0.01,42146,75195.84
267,465,3872,4548,12.3,6.8,426,0.07,45297,90122.61
268,296,4072,3334,12.8,7.0,114,0.12,91394,72539.09
269,373,2854,4374,12.0,2.8,938,0.08,73607,77817.01
270,488,5021,2016,14.2,5.2,1737,0.04,21939,84724.12
271,252,5662,1310,5.1,6.4,325,0.22,95467,65567.27
272,233,7514,1207,10.5,9.4,1548,0.24,55715,75241.12
273,172,6031,3665,2.5,7.1,1913,0.08,49460,68434.61
274,450,3708,3493,8.0,7.4,1531,0.23,71576,84039.52
275,304,8112,3717,10.0,5.3,212,0.12,73222,87363.33
276,343,9393,1632,13.2,9.2,1551,0.15,17666,84230.04
277,329,4507,3102,19.0,6.2,100,0.26,67119,82391.76
278,374,7456,3959,12.2,2.4,365,0.22,40321,84894.81
279,421,5212,4083,15.0,9.2,1614,0.24,6779,83529.51
280,147,8970,1656,10.4,7.1,1331,0.04,18186,69436.99
281,247,9766,2423,12.9,3.7,1745,0.02,21459,82804.82
282,444,1536,2931,1.9,3.6,1835,0.27,91246,66204.51
283,289,2625,4719,5.5,5.9,1051,0.12,92755,69049.65
284,193,8973,4027,7.6,6.4,1492,0.09,10057,84800.69
285,146,9577,3562,9.7,5.6,405,0.22,65663,76007.96
286,250,9070,2679,1.4,5.9,111,0.25,23733,82115.16
287,173,9666,4613,3.2,10.1,1468,0.26,24157,98399.66
288,236,9609,1236,5.9,8.2,1588,0.09,40030,85103.41
289,375,7490,4350,19.4,5.6,1823,0.26,24613,100494.9
290,398,4600,1347,7.0,7.8,1789,0.01,88028,75947.55
291,308,7783,3674,9.9,1.9,1617,0.01,91282,73509.6
292,197,5971,4175,4.3,6.2,1491,0.19,10188,75973.87
293,301,2205,1629,12.4,10.4,1969,0.02,34680,63729.54
294,492,2990,2540,6.0,4.3,1036,0.1,65119,76972.33
295,469,6299,3003,4.5,2.5,519,0.2,79400,67424.01
296,452,4572,4943,10.6,3.0,988,0.1,60718,89295.84
297,395,6975,2271,0.6,1.7,1914,0.05,41445,72457.78
298,196,7320,1363,0.6,2.6,270,0.08,10796,66267.15
299,197,5380,3368,4.8,3.9,233,0.14,52218,75469.94
300,401,5757,4704,1.2,1.0,1064,0.14,44131,76396.77
301,248,3713,1285,2.6,5.0,1550,0.23,13123,49545.45
302,357,6588,1148,7.1,7.7,1148,0.23,13222,73456.48
303,466,1966,2107,16.2,2.3,1653,0.14,29074,77401.81
304,473,5944,3453,11.7,9.6,1313,0.25,34825,91997.72
305,177,4432,4025,10.5,6.5,1264,0.03,41839,67325.19
306,88,1688,1455,6.2,8.1,1678,0.08,73322,44109.66
307,387,5243,2766,18.7,3.0,1969,0.25,61321,79772.32
308,409,4701,1799,8.2,7.6,1919,0.11,30988,75349.01
309,178,9533,2184,2.2,1.7,757,0.29,40507,64798.56
310,316,6182,2012,12.5,7.7,1438,0.14,28806,73827.05
311,490,7704,3831,2.7,5.5,1567,0.24,41901,86309.16
312,483,5422,3507,7.2,6.7,1442,0.12,22043,92756.86
313,200,2759,4621,10.4,1.5,1564,0.13,80761,62608.12
314,464,3482,2523,17.5,2.3,1215,0.11,14752,73887.03
315,347,9058,3785,10.1,6.8,278,0.22,73993,90632.74
316,148,1951,3556,14.2,2.2,1179,0.16,47616,50703.21
317,312,9914,4725,19.9,6.4,1278,0.28,57127,98199.92
318,301,3079,4875,3.1,1.0,1795,0.08,79777,76552.69
319,193,3717,1480,5.9,7.5,210,0.03,5453,52304.56
320,395,5524,2686,8.2,1.3,236,0.12,80432,69133.79
321,161,9477,3161,8.7,6.7,331,0.19,92362,74773.27
322,109,8311,3796,8.5,6.9,1091,0.26,15976,77459.94
323,418,8186,2601,18.2,2.9,567,0.1,75404,98890.38
324,51,3065,3408,14.4,6.7,831,0.2,86932,60021.53
325,434,1768,1340,12.4,5.8,580,0.11,82707,64937.81
326,353,6490,3817,6.5,3.4,1191,0.19,94647,76977.76
327,303,7645,3010,16.6,2.0,913,0.27,38688,80426.91
328,189,6083,3808,19.1,1.0,1372,0.07,91840,82734.25
329,86,6232,4016,16.5,6.0,1093,0.12,98789,76840.55
330,209,6797,3496,0.5,1.0,422,0.3,7017,77229.85
331,58,5926,2866,12.9,5.3,1021,0.26,12957,70455.4
332,282,7016,1834,1.5,4.2,1003,0.17,9792,67136.42
333,148,4335,2203,5.5,7.0,1641,0.15,60982,59141.06
334,196,9038,2725,1.7,4.1,1915,0.09,18237,82743.62
335,353,5873,4478,12.3,4.0,1555,0.16,56586,86895.63
336,257,2481,2689,13.9,7.2,1610,0.25,86787,72432.61
337,180,7305,4267,2.7,6.0,705,0.21,24252,87514.54
338,453,4451,4537,8.0,5.9,528,0.09,15707,86666.9
339,201,1054,1310,9.4,6.4,1392,0.06,39206,52021.78
340,103,8643,1261,7.7,1.0,1832,0.08,99276,66334.02
341,169,4462,2442,2.9,7.3,1660,0.05,8543,66133.5
342,210,1832,1405,8.7,6.8,247,0.03,49135,57673.45
343,457,6954,3190,15.1,1.9,1241,0.13,40031,81144.63
344,165,9519,1341,1.9,4.3,949,0.03,47929,64219.92
345,124,8221,2339,2.1,4.9,466,0.05,70747,65531.66
346,162,4310,4172,7.4,4.6,949,0.16,62851,74662.1
347,469,4300,1243,18.9,6.0,1189,0.05,60311,71338.13
348,471,7722,1489,13.5,9.3,912,0.02,70867,97627.13
349,153,8218,1011,13.7,8.2,1493,0.1,93780,75308.17
350,389,8776,4310,7.6,1.1,274,0.07,62196,97299.15
351,303,4675,1560,12.1,6.9,1954,0.15,78705,63777.33
352,276,4054,1041,0.7,9.0,687,0.03,62894,60578.51
353,161,8970,3725,12.9,6.2,594,0.23,92640,85429.71
354,148,3143,1593,18.3,8.3,1072,0.27,19591,60818.84
355,202,6207,2452,12.4,11.0,1237,0.22,53893,77459.29
356,398,3538,2826,17.5,8.1,1234,0.16,5727,78511.37
357,451,5547,4229,14.6,5.7,1884,0.26,26359,91412.04
358,433,6619,4287,2.9,8.1,1562,0.21,48822,95559.82
359,415,9356,2693,18.1,5.4,1838,0.0,93534,90900.44
360,387,7612,4533,1.8,5.1,1270,0.12,15929,97386.25
361,243,6005,1133,10.9,3.9,134,0.26,65091,67489.49
362,359,1822,4138,3.3,9.7,1098,0.1,85378,69629.99
363,212,1943,4919,0.7,2.5,1432,0.01,28519,65693.18
364,257,7150,4078,8.7,9.6,637,0.22,22393,90947.49
365,494,5425,1947,6.3,6.5,849,0.24,39318,71783.53
366,218,9966,4597,10.0,1.0,1137,0.05,79531,89492.89
367,210,3198,1072,11.8,6.1,473,0.16,99192,55461.42
368,117,5242,1398,1.4,1.0,656,0.06,52934,46438.1
369,338,4695,2428,2.9,6.9,1551,0.22,86103,69736.78
370,447,4452,4746,11.4,7.7,1851,0.08,33840,89034.57
371,326,2308,3625,7.2,3.2,332,0.09,94367,74120.54
372,353,5177,3906,14.7,5.4,804,0.25,18265,79827.78
373,453,9705,1129,13.2,10.9,662,0.14,10424,97469.89
374,433,7852,3978,17.0,3.5,1038,0.2,25625,86819.07
375,441,7035,4537,14.0,1.8,986,0.12,84622,92630.95
376,184,4594,4277,8.9,9.4,825,0.09,34187,77378.56
377,244,5841,2811,13.6,10.9,1786,0.19,40929,78606.54
378,450,2409,3001,5.9,5.0,1563,0.05,66892,70200.41
379,177,5566,4839,6.5,8.0,1625,0.11,25539,76555.42
380,82,5491,1265,15.9,9.0,1398,0.06,61630,67020.7
381,225,2555,2560,9.2,2.8,1973,0.21,95639,62012.29
382,492,1804,2985,16.1,3.5,175,0.28,98410,73276.2
383,420,2279,1792,16.5,8.7,538,0.3,14215,65263.81
384,424,8083,3300,17.2,10.1,1855,0.14,44385,108218.75
385,71,6986,3869,18.4,6.7,1983,0.08,92580,74554.01
386,287,6619,2312,8.9,2.4,798,0.13,82462,64019.89
387,207,2387,1163,6.7,11.0,1412,0.25,30008,45112.89
388,87,3679,1094,11.9,3.4,1014,0.06,53928,50104.26
389,279,3106,2805,7.7,4.0,1663,0.29,88096,61155.92
390,414,9173,3880,12.2,6.0,990,0.1,94876,103873.78
391,100,5223,2133,14.3,9.7,791,0.3,29976,68239.42
392,487,5831,3383,13.9,7.6,352,0.25,32626,92259.01
393,313,3768,1821,7.8,6.2,1249,0.24,64789,62402.16
394,332,4186,1237,3.8,6.4,1300,0.1,9700,68192.89
395,76,3573,3428,8.9,5.1,1160,0.0,68645,70545.95
396,275,3599,4507,3.3,6.7,509,0.11,78396,79376.9
397,326,5033,3946,17.9,1.0,1734,0.09,12526,77861.34
398,335,9428,3530,7.2,4.1,1733,0.01,44500,94191.83
399,146,2304,2960,3.5,5.7,226,0.15,73049,52951.55
400,333,8368,3949,1.0,1.5,1606,0.12,78366,76773.66
401,416,6877,2048,13.1,6.2,1291,0.19,85317,78025.8
402,497,2301,2676,12.9,4.4,691,0.19,64117,72292.11
403,366,3541,4188,7.1,10.3,393,0.04,61096,83832.8
404,353,3051,3529,1.9,9.7,1968,0.29,12910,82500.91
405,196,7809,4463,8.5,3.6,1761,0.06,86383,78383.55
406,53,9633,3964,6.6,4.5,1466,0.13,76185,84486.44
407,84,9996,4041,13.7,4.8,1119,0.15,55248,82956.7
408,241,1074,1963,12.3,3.6,409,0.24,79656,42355.08
409,98,7981,1536,7.6,5.6,761,0.03,6951,63094.37
410,66,6475,4150,4.7,2.7,627,0.13,70212,73108.48
411,221,9232,2603,19.8,1.6,639,0.19,80701,83084.35
412,269,8184,4244,9.4,6.9,518,0.06,84888,92244.26
413,207,6796,2979,13.9,6.9,543,0.19,80282,84225.52
414,95,8141,4083,3.2,2.6,784,0.28,99533,65806.32
415,422,2622,4871,10.0,7.7,1681,0.3,46954,77762.25
416,55,9041,1127,1.0,3.1,939,0.01,94719,47689.36
417,148,1341,4679,10.4,5.8,335,0.07,13804,69503.41
418,429,3074,1091,19.3,7.5,1562,0.09,97705,75189.42
419,282,8992,4724,8.0,4.9,313,0.12,5595,96015.83
420,86,1645,1542,1.3,6.4,184,0.07,34592,37379.94
421,329,5263,1845,1.1,3.5,893,0.06,45643,56892.76
422,398,9801,4603,8.1,4.4,1867,0.29,67665,91269.91
423,351,7136,2681,3.6,4.4,184,0.28,25823,71150.14
424,230,9646,4036,1.0,2.8,1612,0.01,10972,91587.79
425,144,3969,2851,15.2,4.5,164,0.1,20882,69462.63
426,148,4028,3494,9.4,1.0,1769,0.12,71394,59162.9
427,237,8643,1389,6.1,3.5,762,0.07,76055,72070.26
428,165,3681,3719,18.1,4.1,726,0.19,28769,65746.19
429,240,4629,2884,2.8,4.2,163,0.19,30020,65828.4
430,302,5225,1042,19.1,4.3,1466,0.26,47748,61544.52
431,465,4067,1253,6.6,4.8,1038,0.22,90374,71367.26
432,210,6941,4201,17.8,6.4,1998,0.16,49912,81779.48
433,305,2386,2083,12.3,7.6,1018,0.2,17879,68602.58
434,372,3866,3710,16.6,3.1,1475,0.08,38798,77210.89
435,177,5788,3514,19.7,1.4,1281,0.18,94826,69283.62
436,67,6490,3334,6.1,1.9,1712,0.15,51073,71004.98
437,330,5124,4058,19.2,3.5,590,0.04,80791,85746.73
438,272,9340,2540,8.1,3.9,1781,0.07,71983,79959.09
439,103,4850,4538,8.0,2.7,1978,0.09,48005,71980.89
440,107,6415,2953,7.1,1.1,1586,0.28,99731,54510.04
441,372,8679,3825,11.1,3.6,1348,0.07,7850,97746.32
442,409,7819,3392,3.5,5.5,412,0.09,33400,86519.78
443,223,9378,1641,11.3,6.8,714,0.11,16953,81842.94
444,329,2333,3429,11.1,3.3,1018,0.2,28535,59704.63
445,163,5150,4850,15.4,3.8,1982,0.04,80536,77037.87
446,337,7766,1689,16.8,2.2,912,0.29,80039,76315.9
447,480,3711,2276,9.1,4.9,1039,0.26,86029,78514.5
448,391,5853,2950,6.4,2.5,1589,0.17,9055,79261.06
449,200,7212,2079,5.6,6.7,1211,0.2,43170,67568.61
450,499,8479,2486,4.3,1.0,1426,0.0,33251,87556.74
451,176,6408,1456,1.6,3.9,779,0.1,9532,65286.85
452,204,8715,1982,7.2,5.9,534,0.24,9924,72355.06
453,435,9942,3130,5.8,5.6,781,0.02,53037,93981.68
454,322,2762,4976,19.3,13.1,1258,0.08,83082,81767.48
455,153,8101,2122,11.4,6.0,1173,0.18,97115,71067.64
456,466,8674,1148,7.3,2.0,1555,0.08,76621,71213.86
457,442,7122,2352,11.8,4.7,439,0.28,82926,82454.33
458,348,1481,2179,3.2,1.0,446,0.04,83816,59878.68
459,295,1153,1189,9.2,4.8,745,0.24,94654,40555.8
460,225,8617,4565,12.7,2.5,1470,0.15,75400,93447.04
461,88,2524,1882,10.0,7.7,748,0.23,97385,50130.88
462,219,3120,3310,8.3,3.4,344,0.09,98102,63374.18
463,296,3343,4151,19.9,4.6,208,0.15,15702,76121.9
464,75,6136,1399,17.7,3.1,1948,0.26,20385,49936.82
465,404,6760,3811,12.7,10.2,1922,0.14,14336,90770.05
466,355,2240,1608,11.6,4.0,632,0.11,70421,71697.05
467,458,1060,4331,12.6,10.5,1213,0.16,36225,77454.77
468,457,2639,2795,4.4,7.4,395,0.22,41021,64199.29
469,62,7185,2638,8.2,6.4,211,0.13,8782,67751.46
470,365,8970,2575,1.3,6.1,1936,0.28,93877,81556.12
471,440,2252,3832,9.8,6.2,1712,0.09,94630,76499.35
472,362,5203,3148,11.1,1.0,1300,0.14,54111,74671.24
473,85,9363,2382,4.9,4.2,442,0.23,94402,71820.01
474,222,4549,2403,19.3,7.5,1783,0.21,89585,68876.18
475,69,5197,1819,18.2,4.9,200,0.26,47719,60508.05
476,370,8009,4292,14.6,1.0,1881,0.3,54037,94406.37
477,313,7667,1819,10.9,4.8,728,0.13,85103,71719.56
478,449,3322,1419,17.5,10.1,1727,0.03,8513,66450.09
479,191,5090,1123,3.0,8.7,1524,0.01,18335,63889.04
480,420,7960,1421,15.9,4.8,127,0.22,49140,95049.81
481,192,4004,4302,2.9,7.9,1036,0.26,85373,69835.23
482,141,6136,4761,16.0,3.9,1660,0.07,82658,81472.66
483,403,1329,4134,5.9,1.0,157,0.05,39840,66777.96
484,371,4640,2508,17.6,2.2,1621,0.02,36007,83750.3
485,337,8982,4699,18.9,9.7,396,0.25,61947,103552.22
486,264,5107,4774,3.4,4.2,233,0.09,98220,76458.18
487,496,2341,2597,9.5,4.3,1454,0.12,31393,77212.32
488,391,9407,1767,19.6,4.1,348,0.15,62480,86584.64
489,100,1338,3044,9.9,10.7,1120,0.25,93290,50960.53
490,202,6895,3530,17.3,9.9,649,0.2,91335,89396.5
491,235,3708,3566,12.0,11.7,1001,0.18,14107,73646.26
492,112,2750,3202,7.8,4.5,1198,0.05,10993,52882.7
493,239,6604,3139,6.1,5.9,1777,0.15,98650,85407.24
494,174,3421,4029,4.5,1.0,933,0.21,57066,59365.02
495,199,8119,2549,15.4,9.4,1291,0.29,47942,83723.13
496,363,9901,3502,8.0,1.5,870,0.06,21138,90410.64
497,107,6319,2764,10.5,5.7,1626,0.0,49527,64645.4
498,391,7609,3044,10.1,1.7,1478,0.02,14190,87594.17
499,354,6387,3645,11.8,3.2,1348,0.11,97259,84658.89
500,229,4993,4716,17.4,2.5,1787,0.25,83422,75412.1
501,219,9680,1509,19.6,3.2,1654,0.0,60698,82700.95
502,375,9044,2206,8.4,3.4,245,0.14,87315,80540.45
503,320,9238,1385,16.6,3.4,1364,0.1,98710,75816.52
504,103,5873,2597,15.4,7.5,992,0.02,34086,64725.66
505,493,5806,4802,11.7,1.7,443,0.14,22322,93578.29
506,150,9592,3452,19.1,5.7,1872,0.08,88569,86072.35
507,313,6913,3293,4.4,8.7,1158,0.11,90610,90162.52
508,102,8124,1741,2.6,3.5,801,0.21,8435,60662.21
509,109,4157,4662,17.2,2.8,100,0.16,58331,67104.98
510,157,1390,3708,9.1,4.3,252,0.04,33942,59799.09
511,54,5430,3697,17.0,8.5,528,0.29,64635,65103.66
512,152,9820,4542,17.9,5.6,607,0.19,34059,91999.34
513,245,8686,4897,1.7,3.4,1249,0.23,62557,86338.83
514,311,5232,2911,17.7,6.5,590,0.02,57389,81929.36
515,414,9007,2446,9.2,1.7,1605,0.01,58014,92665.0
516,421,2521,1900,10.5,7.0,444,0.01,37826,83250.59
517,399,2500,3112,12.7,6.2,1861,0.06,35297,78316.99
518,96,7737,4084,18.6,4.1,320,0.12,48890,86524.98
519,404,4294,3260,0.9,2.5,822,0.28,26322,82249.31
520,360,6085,3009,9.8,2.3,1148,0.14,40739,72068.87
521,473,3419,1241,13.9,6.6,627,0.09,14719,73415.14
522,357,4042,3540,14.6,8.7,1305,0.17,84553,79586.02
523,193,5497,4284,14.0,3.1,1622,0.03,13314,81574.29
524,318,2466,4764,3.1,6.4,940,0.18,98831,74626.09
525,419,4561,3385,6.3,1.0,1764,0.17,80164,69915.84
526,173,1614,3020,7.5,3.2,1165,0.24,82028,53196.74
527,155,6392,1172,16.2,4.9,580,0.3,41113,68020.61
528,207,8693,1671,5.9,2.3,1029,0.08,20357,62715.38
529,196,4223,1163,4.6,2.2,1971,0.15,25365,47297.28
530,194,8138,1464,19.2,3.0,1871,0.27,44029,66597.62
531,169,3667,4042,0.7,5.9,971,0.24,6737,65142.98
532,368,8980,1496,20.0,4.4,1562,0.15,79632,91922.58
533,324,1130,1699,13.7,1.0,1525,0.28,90474,43086.33
534,141,3983,3442,16.7,1.0,1669,0.02,83218,65830.99
535,107,5278,1702,6.2,3.2,444,0.28,32499,48572.9
536,488,8126,2940,0.8,6.4,144,0.02,51157,95105.01
537,395,9230,3355,14.9,1.0,1769,0.16,61247,89880.16
538,278,8694,2791,16.8,3.5,120,0.27,46034,83790.37
539,166,7640,1182,14.9,3.4,1757,0.08,5294,67173.32
540,367,6468,1628,3.3,9.2,1193,0.14,29596,80965.09
541,328,1920,4865,15.2,3.8,1987,0.1,16434,87128.16
542,176,8564,3557,15.5,6.1,972,0.29,63382,77553.67
543,442,9684,2731,13.3,5.4,147,0.25,43098,89594.22
544,445,9502,1545,15.4,1.0,1614,0.21,9655,86688.49
545,178,9930,2587,17.0,7.3,650,0.18,88029,81542.99
546,107,4241,1623,12.5,5.6,386,0.25,51228,60205.92
547,171,1545,4835,2.2,6.5,1101,0.12,8771,69230.59
548,50,5346,1593,10.0,15.0,1133,0.13,79099,62470.12
549,288,4810,1743,2.0,1.0,641,0.22,61799,53527.31
550,339,8206,4298,8.4,10.2,855,0.11,67257,94984.1
551,145,3032,2768,8.4,4.1,373,0.02,22558,58806.09
552,175,9436,4804,1.8,5.9,1055,0.02,63436,89252.19
553,167,1271,2459,7.3,4.9,699,0.03,97103,41443.91
554,97,4511,2948,2.7,3.7,1879,0.26,37376,50735.72
555,138,2771,4493,16.3,3.3,480,0.14,92458,65707.5
556,286,5361,3601,19.0,6.0,1452,0.21,82924,77803.05
557,422,8069,3068,1.9,1.0,578,0.12,34332,67073.45
558,434,1920,3601,19.1,7.3,114,0.08,51737,72073.14
559,321,9190,3444,10.7,3.8,615,0.1,94031,82463.21
560,238,4430,3672,6.3,1.6,290,0.24,78970,65323.58
561,241,5435,1104,2.0,3.6,1291,0.19,56952,54393.99
562,496,4760,3239,10.3,8.8,1644,0.28,25991,83267.15
563,118,3050,1016,16.0,3.4,720,0.2,32472,53512.57
564,327,2165,4191,14.3,6.1,1260,0.17,64946,79330.67
565,398,9567,1392,1.5,2.8,253,0.18,31849,78060.59
566,296,3033,1424,1.9,7.3,1511,0.28,6541,57069.6
567,125,7467,3176,8.4,7.1,1332,0.24,7765,69147.7
568,203,1145,4201,6.3,10.5,371,0.01,48074,64455.04
569,193,5388,1571,5.0,4.5,242,0.16,34283,50530.75
570,484,8832,4631,6.0,7.0,1734,0.21,5769,100497.24
571,135,9623,3076,16.2,5.3,1943,0.22,22806,86127.71
572,234,9896,2120,18.6,8.9,1192,0.06,95518,96359.65
573,334,9173,4081,8.4,2.8,346,0.26,7972,87800.1
574,269,3632,1241,18.2,7.2,1384,0.29,23256,66409.34
575,118,5494,4897,6.8,4.4,887,0.07,23653,59687.05
576,96,9056,3279,9.8,4.8,178,0.26,91669,73298.36
577,143,8511,1788,4.9,5.3,1781,0.03,44339,66791.19
578,287,2828,4355,13.0,5.8,722,0.02,30757,84164.84
579,495,5805,1714,19.6,4.7,1893,0.04,47399,86799.67
580,253,1806,1758,12.3,5.6,1728,0.02,49013,60879.28
581,449,8486,3849,7.5,9.7,624,0.25,19706,100314.64
582,267,9202,1775,13.1,8.0,871,0.02,43231,84408.21
583,481,2868,3773,2.9,7.6,1037,0.08,32909,87430.83
584,390,8878,3247,17.8,3.6,1744,0.03,81631,83042.6
585,88,6690,3992,10.3,2.3,1453,0.09,62572,71711.05
586,149,8827,1078,9.3,7.9,1312,0.03,90879,77220.01
587,338,6429,4984,11.9,7.6,1218,0.2,68767,83200.03
588,303,4564,4003,12.7,9.4,716,0.04,31469,88396.59
589,271,2389,4926,1.9,3.2,1131,0.26,6313,63091.18
590,406,8274,1855,13.8,4.3,166,0.25,12847,83646.08
591,72,1824,4244,5.2,1.0,1619,0.0,55222,49990.2
592,299,3265,3514,14.4,3.8,290,0.27,79702,75410.76
593,59,1936,3628,16.5,8.0,1489,0.01,14930,61606.19
594,295,7402,2439,16.2,3.6,867,0.07,8285,84379.98
595,374,4845,3987,11.3,6.9,620,0.01,40863,87796.65
596,149,2796,3496,10.6,4.4,1089,0.1,21704,58049.04
597,339,9245,3134,3.3,6.0,1240,0.15,23705,89014.3
598,229,8214,3148,15.6,1.6,366,0.24,5555,75514.15
599,272,1726,2031,5.8,5.3,1734,0.1,26323,56453.64
600,443,3736,1844,10.2,1.0,584,0.21,75968,65045.03
601,299,2913,4271,6.0,4.4,1632,0.06,71922,76343.56
602,196,8657,4576,3.1,1.0,1421,0.23,58915,81602.61
603,491,3466,1086,12.8,8.6,1287,0.07,15619,74524.39
604,145,8312,3090,1.6,7.3,475,0.04,77390,71907.44
605,306,9194,4456,15.1,6.4,752,0.06,64274,92167.04
606,374,8906,4692,6.7,9.6,1391,0.05,78173,102006.28
607,53,5876,4506,0.5,2.2,648,0.15,26225,60596.55
608,65,8287,1407,10.5,10.2,1197,0.25,31739,58706.02
609,329,1892,4554,1.4,7.8,1631,0.02,52708,66545.86
610,385,5675,3711,5.9,4.3,172,0.21,58019,88109.38
611,296,2933,4088,14.3,8.4,407,0.2,81154,74289.12
612,307,2380,2668,1.7,1.7,298,0.26,12373,61190.81
613,433,2290,1147,16.9,2.5,1253,0.07,40281,62721.75
614,209,2640,3324,0.6,3.2,1881,0.14,25187,63287.89
615,389,8490,1231,5.3,3.4,1947,0.28,72863,80160.82
616,201,2218,4897,14.9,1.8,671,0.2,89085,64310.52
617,445,6016,2950,6.7,8.7,890,0.12,44220,75958.12
618,227,7881,1365,2.5,4.2,1738,0.04,12642,57351.4
619,212,1954,4299,7.5,6.1,1931,0.08,84971,62963.69
620,429,8291,2674,5.8,3.3,1955,0.17,60556,93641.17
621,82,1974,1435,16.9,1.0,1610,0.22,38760,42394.19
622,466,5133,1398,6.6,5.8,1976,0.04,43192,75115.22
623,494,6370,2234,15.9,1.0,1274,0.18,9381,88646.68
624,228,4972,2414,17.9,4.8,1792,0.17,24558,70987.61
625,476,6295,3546,9.0,1.0,1329,0.15,35782,84794.46
626,150,9228,3587,18.2,11.0,278,0.21,9782,94232.32
627,317,4020,1562,7.9,7.7,296,0.25,96417,66314.85
628,372,9987,4562,19.3,5.3,834,0.1,59712,104823.66
629,114,5036,3489,2.2,8.8,188,0.27,99945,61845.75
630,466,6068,2284,13.9,2.5,898,0.05,24462,82266.44
631,217,6233,1772,10.1,6.6,1557,0.05,65030,75031.0
632,379,1317,3397,8.1,5.6,887,0.08,73519,77646.02
633,92,3396,3037,12.8,5.8,847,0.04,61411,63234.38
634,93,3162,4423,14.2,8.8,1306,0.07,60206,75226.81
635,334,3745,3567,0.6,7.2,308,0.03,51950,74318.65
636,446,2591,2343,3.8,5.9,592,0.25,7523,66651.35
637,61,7183,3185,14.4,1.0,1253,0.04,65926,70895.29
638,144,4930,2573,13.5,2.1,764,0.22,14677,67451.66
639,351,2312,4694,19.3,4.6,1136,0.01,80828,77674.19
640,435,5311,1991,15.3,5.3,1757,0.28,20089,70531.02
641,302,8314,3415,19.0,1.6,970,0.21,9581,83451.96
642,291,3383,4291,14.2,12.2,831,0.0,16907,86512.31
643,84,4239,4408,6.3,9.5,1229,0.23,10609,73656.36
644,264,3139,2246,2.6,6.8,1498,0.15,56153,55499.46
645,386,2704,4719,15.7,5.2,1705,0.23,55539,69314.12
646,139,7924,4839,13.1,4.4,1830,0.16,49143,81719.76
647,313,1362,1359,1.4,2.1,797,0.19,27936,46461.43
648,142,3604,1920,7.5,5.2,1222,0.24,55182,48250.63
649,459,5286,3376,19.2,5.8,693,0.12,18163,86107.55
650,139,4738,4009,10.3,1.3,1710,0.0,64758,71995.42
651,467,3469,3510,8.9,6.0,985,0.25,51057,79647.6
652,164,5795,3993,9.4,4.5,951,0.11,17537,75378.11
653,154,7150,1962,4.6,1.0,1315,0.15,27419,58981.59
654,440,1556,4632,7.7,2.4,424,0.0,47578,72307.45
655,245,3808,2827,7.7,3.8,1078,0.15,79991,62144.51
656,363,6150,4453,1.5,10.7,1849,0.3,79599,89809.4
657,163,8561,3883,15.5,6.7,1950,0.08,5834,79441.4
658,124,3719,2613,8.6,1.0,1055,0.12,37214,62772.85
659,462,7506,2640,16.5,6.5,1590,0.21,97934,94342.29
660,425,4741,3216,17.1,1.0,993,0.24,7413,76023.6
661,469,4998,1216,4.6,8.2,1490,0.13,14505,77791.04
662,266,3403,1377,13.3,3.6,1441,0.09,7105,65855.75
663,326,9780,1118,9.7,4.7,243,0.28,73104,76328.31
664,298,1294,1189,17.7,9.0,483,0.2,63408,59494.08
665,213,6343,3814,4.7,1.1,315,0.04,42679,79266.37
666,443,2136,1369,13.7,1.0,1484,0.02,84731,73647.88
667,406,3064,2801,12.4,3.2,423,0.15,70131,71544.18
668,457,8009,3196,6.3,8.1,1138,0.07,69280,87615.93
669,241,5543,4747,3.2,1.0,316,0.08,20762,71860.99
670,276,2007,1651,13.2,1.0,1615,0.26,63703,58241.08
671,226,6445,2882,14.9,3.6,1050,0.03,86434,70643.92
672,148,6352,2511,6.7,6.7,1670,0.21,68079,65919.58
673,85,2435,1769,13.1,8.6,282,0.08,26577,56212.92
674,145,1571,3421,8.2,3.6,369,0.23,6214,49854.43
675,201,3382,1780,14.4,3.8,1044,0.22,91339,63378.17
676,200,6084,2716,4.4,8.5,1590,0.0,53114,76001.84
677,239,1277,3207,17.9,1.0,969,0.15,94234,70313.73
678,273,8059,3398,6.1,3.8,1735,0.04,68230,85174.3
679,86,2887,4983,7.7,5.6,1642,0.26,37980,59921.55
680,317,2265,2311,1.6,6.3,1665,0.26,72194,61351.85
681,418,8491,4359,2.7,3.5,566,0.13,82806,96658.11
682,232,2040,3939,10.6,5.1,404,0.13,42792,71712.39
683,62,9073,2249,5.7,1.0,1267,0.09,50807,60629.79
684,328,3752,1522,16.8,3.0,210,0.21,27301,60084.31
685,266,9213,1521,0.8,6.4,1113,0.11,10141,68545.81
686,404,5569,1782,7.9,2.1,331,0.08,18777,79090.66
687,410,7353,3320,7.1,5.2,1814,0.13,43346,89723.39
688,335,3353,1935,0.9,6.3,1707,0.03,59703,58827.91
689,322,8437,4473,2.9,4.0,1845,0.22,99977,87661.94
690,418,5799,3230,8.6,5.5,1855,0.0,52819,83628.56
691,111,1686,2688,10.1,2.1,1715,0.19,33469,44435.09
692,133,9476,1487,8.4,4.4,1623,0.05,8845,70793.92
693,417,5811,2850,10.9,6.8,694,0.07,28290,85036.48
694,266,9954,1845,12.1,5.5,1677,0.19,35699,91693.27
695,391,6346,3171,0.7,3.2,1396,0.3,49252,71714.56
696,446,6043,4032,9.5,5.7,1826,0.23,8293,80192.0
697,236,3428,4697,19.3,7.1,272,0.07,62089,76374.23
698,68,6126,3837,10.6,1.0,1072,0.05,21608,62299.76
699,226,9220,3461,13.7,8.5,1130,0.26,71273,86880.36
700,149,8813,3003,6.6,4.0,1278,0.13,21619,69671.48
701,445,4356,2748,15.6,6.3,1645,0.04,83006,86868.61
702,494,9707,4243,15.6,8.6,645,0.26,92908,103255.84
703,282,8266,4359,10.7,1.0,647,0.24,86653,84743.09
704,452,7540,4506,19.5,2.9,617,0.3,19779,107400.96
705,125,1038,1685,2.9,4.1,1013,0.27,56040,43406.84
706,314,4342,3160,0.8,2.6,314,0.26,99830,67179.79
707,333,3844,3935,15.5,10.2,233,0.02,61325,94893.58
708,255,2098,4988,16.2,2.4,384,0.03,26630,80412.25
709,272,8027,3169,2.8,3.3,1249,0.17,17178,79351.62
710,433,2823,2567,5.7,5.6,1562,0.16,24935,68250.37
711,101,4155,2245,0.8,1.4,1972,0.14,52258,49026.56
712,388,4093,4702,6.2,3.8,785,0.12,27784,80532.48
713,416,6658,1038,15.6,6.0,1275,0.13,68722,76456.87
714,193,4778,3544,10.6,4.0,430,0.17,28027,70364.18
715,422,3896,1779,7.3,4.7,1661,0.0,62853,71786.74
716,118,1988,2256,7.7,3.4,1506,0.08,72359,43370.86
717,148,5116,3990,0.5,1.0,1238,0.16,77388,70508.21
718,445,7446,4601,6.3,6.0,993,0.22,83608,96591.99
719,74,5179,3196,13.1,10.3,1605,0.05,81669,70253.09
720,485,2682,4468,19.5,5.1,1407,0.16,20111,88991.88
721,428,6626,4069,17.0,5.7,998,0.21,37312,98374.84
722,102,8424,3708,1.0,7.1,1198,0.13,29161,67878.57
723,200,1933,4709,18.0,1.2,1289,0.01,72313,68918.7
724,193,4598,2927,15.8,10.1,1312,0.13,55374,68849.72
725,106,2980,1301,15.7,5.6,177,0.09,29014,66580.02
726,88,4056,4431,9.4,9.9,1046,0.28,85308,71213.93
727,158,9984,3285,8.3,2.8,1725,0.04,51389,74938.27
728,230,1791,1646,6.4,10.5,787,0.2,23161,74800.33
729,91,6390,1662,1.8,7.3,120,0.02,12490,57349.91
730,235,7635,3283,5.0,6.7,665,0.13,29502,77924.6
731,472,3255,2759,5.3,5.7,1307,0.17,40757,73126.01
732,447,4610,3250,9.9,4.3,1994,0.09,46111,76540.23
733,272,2607,1255,15.1,8.6,1345,0.14,88245,63682.76
734,171,6179,1597,9.7,5.4,926,0.05,63645,53768.3
735,182,7573,1661,1.6,1.0,1451,0.09,64055,66453.49
736,212,1984,1234,19.2,1.6,278,0.19,13998,46382.98
737,264,6776,2368,18.9,4.4,1911,0.09,33906,76241.39
738,270,4676,3581,15.8,5.9,1235,0.27,75192,80290.6
739,284,4380,3907,19.8,4.8,1859,0.19,55477,78652.69
740,380,9711,4868,11.1,8.7,1849,0.13,41901,104605.26
741,195,9782,4852,19.3,1.0,1182,0.01,96271,88845.61
742,288,2050,4537,2.0,5.4,1450,0.15,57021,78613.24
743,125,4633,1769,7.6,1.0,1004,0.23,34092,54151.41
744,58,7342,3588,4.9,7.3,1744,0.08,6242,66402.08
745,123,1959,1212,4.3,4.7,768,0.24,6831,43427.91
746,491,7059,1462,3.2,6.3,290,0.08,55721,74369.66
747,450,9884,3483,12.6,2.4,1323,0.25,33511,104379.07
748,302,6655,1282,15.7,8.8,1435,0.03,77782,78823.19
749,279,5473,4633,11.8,8.1,807,0.26,23302,80056.27
750,56,3946,4678,3.4,6.8,1158,0.15,60568,68515.95
751,223,8725,2486,16.3,4.6,478,0.09,8232,80214.62
752,190,1526,2430,12.9,6.7,486,0.08,56507,52136.86
753,217,4224,1087,8.1,2.9,1881,0.13,81508,56512.23
754,219,2875,2067,13.6,7.6,336,0.3,15683,63074.21
755,442,2763,1460,5.6,9.9,715,0.07,28664,75377.67
756,483,9712,3325,7.2,8.2,1642,0.03,38172,101733.52
757,332,6797,4754,18.4,2.8,382,0.18,88641,91496.3
758,171,8099,3468,6.2,6.1,100,0.15,69340,78687.67
759,243,6109,2724,9.7,1.1,1854,0.16,92236,76423.41
760,54,7644,2376,17.9,6.7,563,0.2,16017,69611.63
761,78,1116,3743,14.3,6.4,1353,0.08,41613,61060.27
762,214,3433,1514,1.7,1.0,1066,0.27,91130,50802.73
763,471,6463,1702,3.4,1.5,271,0.13,81920,75097.88
764,388,1583,2653,0.7,4.2,1210,0.04,35348,59824.48
765,185,9586,3066,12.8,4.1,1676,0.22,21448,82241.02
766,414,4788,1022,9.2,1.4,1246,0.19,14491,63805.71
767,370,5167,3460,3.1,6.2,942,0.09,83648,87947.05
768,391,9465,2053,19.2,5.8,1421,0.19,63759,89421.18
769,194,2389,2830,10.8,4.4,789,0.07,49553,55554.11
770,376,9357,3155,5.2,2.7,674,0.13,5968,86614.99
771,266,7154,4438,10.3,8.1,1607,0.27,5368,87118.51
772,350,6420,2304,13.8,10.0,264,0.04,78960,85764.22
773,181,9920,4199,2.0,3.5,1822,0.12,40010,80817.77
774,341,3043,4300,5.9,3.2,482,0.25,59154,71880.87
775,119,5197,2134,16.2,6.5,308,0.29,40851,64559.04
776,301,4496,3183,9.5,3.9,1862,0.14,30496,76232.95
777,464,1778,1361,11.2,4.6,1555,0.15,35936,64504.03
778,324,1213,4257,8.9,7.2,1512,0.17,83858,71586.38
779,494,4762,4727,1.4,1.0,1683,0.28,72005,84102.73
780,413,7731,4655,3.7,9.0,323,0.26,42493,99706.28
781,231,4117,3176,9.2,5.2,102,0.05,74795,64162.62
782,216,6791,2899,4.6,3.8,471,0.13,41390,64206.4
783,140,9783,2284,1.5,4.7,1810,0.14,15292,80296.4
784,251,3720,1514,17.0,4.9,1569,0.24,97377,65800.38
785,395,9905,1448,19.6,1.0,710,0.18,33365,84608.07
786,68,7047,2923,16.0,9.5,215,0.2,22207,74754.51
787,88,9032,4175,17.1,5.1,1393,0.3,27912,81058.19
788,175,1001,2506,5.2,6.3,546,0.02,85771,54039.4
789,222,7368,2247,19.2,7.9,1491,0.07,61572,76379.81
790,190,2949,2855,4.3,1.9,1376,0.12,24276,59672.83
791,291,7732,1873,19.1,6.4,1440,0.1,10534,82938.27
792,269,8833,4937,19.9,4.2,514,0.01,97005,99742.14
793,175,1917,4562,14.4,7.5,1218,0.03,40670,67241.29
794,107,4174,3520,19.6,1.0,1908,0.2,67147,66893.34
795,197,8014,4081,11.6,4.7,991,0.26,41486,77842.14
796,366,1089,2428,5.6,3.2,1147,0.15,70557,54746.25
797,432,2709,4967,9.0,6.3,1751,0.16,39268,84200.11
798,410,4041,3349,12.1,6.4,762,0.08,86335,93554.66
799,472,1105,3278,1.9,2.9,1973,0.23,31336,65712.33
800,50,9619,2754,12.6,2.9,1173,0.23,8641,59183.0
801,436,2895,1922,19.6,4.7,1625,0.18,92132,69582.49
802,397,7090,4137,4.2,2.3,817,0.06,37959,89023.65
803,239,9508,3984,16.0,7.5,1621,0.03,18306,89951.7
804,240,7082,3159,18.2,3.9,1458,0.02,51182,85996.51
805,418,1634,2036,18.9,1.0,1202,0.18,79123,65426.1
806,458,2925,2416,19.2,3.9,1705,0.25,61326,79711.64
807,361,3056,3547,10.7,1.9,1150,0.26,26498,66808.73
808,466,7917,3979,19.6,1.0,370,0.14,75198,93162.08
809,471,4144,3645,15.3,1.3,661,0.24,32197,83581.93
810,166,1552,3281,3.7,5.3,903,0.28,25719,53673.36
811,183,9907,3649,9.8,9.0,346,0.08,95201,89875.89
812,107,6383,1313,14.5,5.9,1899,0.12,30032,70858.85
813,93,4911,3613,5.3,3.2,1714,0.28,64624,63518.7
814,222,4389,4083,13.0,6.4,486,0.1,83177,66632.39
815,209,9442,3256,13.5,3.6,801,0.27,46964,86701.34
816,222,3430,2997,3.7,2.9,658,0.29,35028,61719.84
817,366,1458,2037,11.5,1.5,1072,0.2,59646,64033.56
818,352,1207,2656,15.5,1.0,1484,0.25,86187,56052.51
819,198,1899,4489,10.2,3.8,1989,0.22,13536,66366.03
820,129,1021,4508,0.7,5.5,1083,0.21,61747,56361.15
821,423,9601,4448,0.7,4.7,1611,0.09,50712,91554.84
822,262,1894,4091,7.5,3.8,451,0.02,11273,71320.83
823,252,1514,3634,18.6,2.2,1824,0.1,76820,64604.27
824,301,8294,4983,5.0,6.8,1379,0.2,96228,97910.66
825,278,5904,2778,12.9,1.0,1345,0.03,79353,68937.71
826,213,8867,4806,4.8,7.3,852,0.0,99491,83678.07
827,276,5109,2014,6.8,2.0,880,0.04,97091,62984.17
828,196,8179,2093,17.0,2.7,1124,0.21,90914,75061.57
829,69,2560,4895,14.7,1.0,645,0.29,55830,58384.02
830,490,2266,4282,2.4,3.5,1569,0.29,22127,59185.72
831,451,4638,2124,8.9,7.9,178,0.15,88488,79852.25
832,96,9941,1697,1.1,6.5,1359,0.26,16539,69452.9
833,282,4427,3179,9.9,7.9,433,0.22,51761,77361.84
834,354,5780,4694,13.4,6.6,988,0.15,51219,88407.54
835,63,2927,2404,2.8,1.7,1472,0.17,19692,43175.74
836,192,3356,2155,6.1,4.0,1221,0.04,88656,64294.61
837,464,5790,2043,8.3,2.7,1205,0.28,18334,66957.98
838,50,1306,2929,18.4,9.0,601,0.11,33615,56927.41
839,422,8979,3583,19.9,1.4,1600,0.13,12903,96713.51
840,103,4665,2013,1.4,7.7,1827,0.2,33527,58640.11
841,423,8057,1226,15.3,7.7,864,0.1,20629,86649.84
842,308,1661,4225,7.7,10.5,1020,0.08,63008,70448.04
843,193,5644,2828,8.2,3.8,649,0.19,88276,72560.07
844,490,9503,4813,15.2,7.1,113,0.01,31708,111683.54
845,61,3920,2492,18.4,11.8,491,0.22,15860,57729.99
846,379,9946,1821,19.0,3.1,1470,0.15,22438,90038.88
847,273,7236,3023,11.8,1.0,409,0.18,72300,77949.38
848,321,7078,1870,7.5,1.0,485,0.19,76545,79287.72
849,407,1352,3452,15.9,7.1,1332,0.16,25842,77159.76
850,457,8005,3249,5.4,1.0,1480,0.17,65213,77699.87
851,205,1158,3085,11.5,3.9,1073,0.21,47372,49464.49
852,422,1956,3989,7.5,6.3,1724,0.23,73906,80956.55
853,57,3071,2795,13.3,5.6,1691,0.22,43744,52073.98
854,171,9595,1187,5.2,6.3,1217,0.26,62442,61822.09
855,397,4453,2080,4.2,5.7,1216,0.06,90990,75811.55
856,213,7675,1940,18.4,8.8,439,0.12,8650,77796.32
857,139,1955,4091,2.5,2.1,696,0.28,50117,58555.07
858,185,7295,3320,10.4,3.0,1568,0.12,96244,70161.4
859,235,2712,4190,4.8,2.7,856,0.04,57772,72905.06
860,365,5703,3630,1.3,7.5,1145,0.16,8190,84419.32
861,227,7563,3563,1.2,7.7,390,0.03,53113,76240.57
862,77,6631,4292,3.9,6.4,1608,0.06,13789,64651.05
863,269,2394,1525,17.4,8.6,1907,0.3,37125,74082.82
864,406,5732,4586,6.0,1.5,405,0.16,22459,82274.96
865,90,4714,4799,19.0,10.0,733,0.09,40418,77423.34
866,277,1529,4812,11.8,9.6,1251,0.3,52085,81928.54
867,241,3958,1335,9.0,7.2,724,0.29,23768,64127.8
868,460,8904,3745,11.8,10.3,1038,0.13,54961,109250.98
869,496,4591,2078,10.6,1.0,1396,0.08,86099,73970.46
870,194,7895,3547,15.3,3.4,947,0.25,32885,89075.27
871,250,1525,3947,6.0,2.8,541,0.21,92421,53956.91
872,466,7477,4959,7.4,7.2,602,0.21,66082,96565.75
873,261,1001,3813,17.9,1.8,229,0.27,11895,65117.39
874,269,1374,3583,19.0,7.3,1255,0.21,55311,76027.56
875,289,5648,1161,17.9,9.1,696,0.09,94494,77654.8
876,462,3365,4741,8.7,7.1,1605,0.21,72067,85835.67
877,446,2525,1593,15.7,5.9,961,0.09,76017,68314.26
878,95,2646,2938,9.8,2.0,1513,0.23,28932,57845.55
879,84,1013,3206,10.2,2.5,692,0.19,26360,52790.98
880,302,5599,4259,4.5,8.7,1098,0.02,59847,79569.38
881,439,3278,1059,12.0,7.3,424,0.15,95365,64357.65
882,131,4155,3962,4.1,4.9,1192,0.1,90468,62047.56
883,420,9321,4888,7.0,3.7,1783,0.1,43931,96234.19
884,305,4814,4390,17.2,1.0,547,0.18,60823,84591.2
885,246,4216,2901,4.5,1.8,1651,0.1,43032,64681.66
886,352,9219,3258,1.9,10.7,918,0.23,86426,93685.94
887,458,3113,1405,1.8,1.2,1740,0.02,23807,62122.35
888,499,5356,1663,18.8,5.6,1288,0.2,16767,83526.85
889,59,6543,2132,10.4,8.0,1611,0.24,13071,56129.91
890,361,5555,2099,8.5,1.2,1836,0.2,58413,72630.92
891,335,8062,1541,16.3,5.6,808,0.15,31149,78073.59
892,291,4374,2337,16.8,7.8,1549,0.29,20540,72491.22
893,300,7430,1997,7.0,5.0,1820,0.09,75248,72509.14
894,414,4466,2140,14.0,13.6,1957,0.01,96737,86027.36
895,54,4081,3974,15.5,1.0,364,0.13,90435,65128.47
896,168,1629,1867,13.3,8.2,1998,0.01,24787,52327.72
897,338,1269,4775,3.5,4.5,711,0.29,25982,69195.75
898,423,6724,3066,17.6,7.3,1465,0.06,27606,89906.99
899,114,6897,1431,11.0,6.3,931,0.24,15150,69553.29
900,195,4432,4756,6.0,2.8,1849,0.23,90929,64752.87
901,273,7276,1739,8.8,5.7,1401,0.07,51936,68560.42
902,288,6895,2373,1.2,1.0,773,0.19,98286,64852.15
903,226,8115,1182,3.0,6.8,1562,0.01,13593,65126.78
904,316,7656,3160,15.4,5.9,256,0.15,22358,85546.09
905,390,1575,2206,0.5,6.9,1545,0.0,87143,59765.57
906,331,8029,3528,8.6,8.2,350,0.28,42381,88419.06
907,112,7099,2169,10.7,6.1,977,0.29,95347,71332.36
908,266,4192,1830,1.6,5.4,1732,0.07,33074,60882.4
909,391,4178,2651,19.5,2.4,629,0.06,25595,77700.77
910,364,7052,2136,4.9,2.9,426,0.23,49194,67799.39
911,332,3734,3810,6.4,8.6,1060,0.08,54377,77181.7
912,226,7116,1475,6.4,9.3,994,0.27,31853,67714.23
913,466,4568,3810,5.0,4.3,196,0.17,78719,84562.2
914,147,3203,2326,0.5,5.1,612,0.11,25661,49016.17
915,154,2390,1970,14.7,2.3,315,0.25,55493,47566.72
916,148,2742,4896,19.4,8.5,1255,0.15,41495,78393.15
917,434,2925,2019,4.9,7.0,1383,0.27,18703,77220.52
918,454,1619,2141,13.4,10.8,224,0.28,58080,72082.26
919,360,2274,2836,15.0,2.4,1205,0.05,35815,69243.04
920,55,1956,1160,17.0,3.9,1406,0.0,34565,51558.11
921,246,2939,3448,8.7,5.7,1806,0.3,68321,67956.52
922,400,4953,1197,6.4,6.9,158,0.27,63453,70826.4
923,182,1968,2283,6.8,4.4,1667,0.02,93478,53543.04
924,407,1281,1659,14.4,2.4,260,0.25,38161,59209.32
925,308,7262,2775,16.4,7.6,383,0.14,60991,81685.26
926,486,2058,2070,4.0,7.2,205,0.08,14716,71655.87
927,72,5293,3010,7.7,2.3,1228,0.26,38349,60396.77
928,102,6178,1398,18.1,9.1,1562,0.06,52098,71759.82
929,214,7980,2733,16.2,8.5,327,0.28,5132,79664.48
930,251,2229,2582,19.7,5.4,1823,0.06,56990,70947.67
931,132,5585,3125,15.2,5.2,1705,0.18,73921,75646.67
932,194,9467,3171,8.2,6.7,417,0.07,41538,77986.21
933,134,3740,1074,12.0,2.4,1587,0.16,12213,48605.64
934,127,3289,4942,13.4,5.1,901,0.21,49223,76502.12
935,415,2239,3184,2.0,1.0,1722,0.06,96655,61539.22
936,50,6370,1601,11.1,7.6,973,0.16,73371,63808.81
937,100,1125,4471,14.3,1.0,571,0.14,73274,57522.88
938,222,8473,1836,3.8,9.5,1179,0.02,9134,78553.4
939,254,6342,2528,15.7,4.0,724,0.25,96428,73911.28
940,309,8351,1499,11.9,4.4,112,0.1,44601,81078.85
941,495,7638,2596,19.1,3.1,1563,0.17,78889,86486.41
942,498,7570,1137,1.3,4.1,1141,0.15,20690,71978.38
943,418,4249,3097,5.7,9.3,793,0.15,6909,87104.57
944,337,8595,2794,12.2,1.0,1072,0.03,96239,93906.82
945,83,7294,1972,6.3,8.8,212,0.13,85032,66514.9
946,397,7527,2642,14.4,6.0,328,0.14,17062,96017.33
947,144,6757,4696,15.3,1.4,270,0.22,80386,73942.13
948,121,2969,2885,2.5,1.8,394,0.25,98237,47274.07
949,88,1891,3301,10.5,10.0,288,0.16,39731,67515.44
950,203,5470,4701,10.4,2.2,525,0.03,10153,81185.53
951,299,8175,3028,7.7,1.5,1076,0.07,15481,87297.14
952,211,9320,3757,18.7,8.4,1202,0.05,71425,96887.78
953,487,7812,4920,16.6,6.0,757,0.04,68600,101223.27
954,167,8519,2900,14.1,2.2,1018,0.11,89981,77674.89
955,308,5612,3610,14.4,5.6,1305,0.07,76997,88396.01
956,428,2198,3804,9.5,1.9,598,0.07,33205,72300.32
957,355,6238,4986,18.5,8.3,1921,0.02,93887,97311.83
958,317,7089,2449,14.0,8.2,861,0.01,86542,86881.27
959,498,7257,1546,14.7,6.6,965,0.03,49149,85253.47
960,103,8705,4373,17.3,6.1,925,0.05,54112,88857.5
961,285,4719,1921,5.8,10.3,1831,0.13,15940,70229.51
962,438,1302,1580,16.2,5.0,1958,0.15,64010,62853.93
963,271,1986,2372,4.3,1.5,170,0.04,81794,59521.69
964,300,5440,4903,7.2,6.3,347,0.13,29485,87664.94
965,362,5909,2956,7.0,11.3,245,0.1,94299,82638.65
966,450,4072,3003,19.6,2.0,1741,0.06,6067,80856.19
967,161,4124,3096,17.2,3.9,1898,0.0,25607,67045.62
968,304,9125,3964,14.2,6.2,1419,0.14,66597,91101.76
969,352,4291,4145,14.7,4.8,681,0.21,79554,72756.65
970,456,5033,1703,11.5,2.1,569,0.07,53521,71144.86
971,256,6105,3308,19.0,8.4,1629,0.04,20187,82034.86
972,278,1703,3403,10.2,12.0,292,0.27,8985,70998.45
973,390,9133,4653,7.9,5.6,1191,0.08,48052,101117.49
974,447,1574,2625,3.7,2.3,593,0.07,24563,59636.08
975,115,6704,4331,15.8,1.0,1940,0.26,52322,75684.49
976,124,8848,1637,14.8,5.8,151,0.25,66245,66847.77
977,484,6208,3790,8.0,8.3,981,0.13,56514,92147.54
978,152,7924,4366,1.0,6.4,462,0.15,23608,75589.9
979,471,4828,2009,16.9,5.0,1920,0.07,72262,84559.87
980,241,4230,3978,0.7,3.2,1016,0.02,97118,68563.87
981,301,1488,1640,14.2,1.7,573,0.17,76327,54263.16
982,275,8114,3839,19.4,7.5,1969,0.03,62225,91060.75
983,343,4173,4384,9.0,7.7,620,0.13,78994,80844.79
984,355,2667,3659,5.1,1.0,1886,0.28,22221,73941.3
985,147,5114,2861,14.2,9.8,1554,0.29,53506,68491.58
986,387,4553,3856,16.4,6.7,1967,0.07,25968,88886.03
987,335,8761,2205,11.2,9.2,1421,0.19,87606,86394.77
988,384,2000,1685,19.4,1.0,1558,0.14,32937,65179.13
989,396,2388,2851,1.5,1.0,1819,0.26,67435,64553.88
990,484,6450,4435,10.3,4.6,790,0.08,54508,92905.11
991,496,4712,1187,14.5,6.5,1321,0.0,46831,82169.87
992,357,2367,4640,17.3,10.4,1251,0.05,47933,100484.2
993,298,9189,4614,4.0,7.1,631,0.1,52307,96474.7
994,215,1454,2619,16.1,4.3,1534,0.09,53340,67724.91
995,384,3772,2687,11.3,1.9,939,0.24,91338,71506.23
996,79,4726,1984,8.2,8.7,1188,0.2,48601,54188.19
997,296,8232,1547,3.1,2.1,1817,0.09,80956,71359.47
998,155,5806,3772,17.4,9.9,340,0.14,77178,79576.08
999,100,3190,3973,3.6,4.1,1492,0.03,90311,57055.3
1000,130,3875,2431,6.5,9.8,635,0.27,33754,60267.07
