Exercise_Hours,Health_Risk,Group
5.444104353796373,72.11492957010867,Rehab
7.609138120907177,69.86687687947791,Rehab
3.538036566465969,27.95323880389391,Healthy
6.343105721028604,66.42734760385531,Rehab
2.5049872789804573,23.115569708952048,Healthy
0.0,30.81837437625684,Healthy
7.599928729996204,64.85669140884212,Rehab
1.9790984060358519,24.738314505631347,Healthy
0.8021221074111515,29.738881465229642,Healthy
7.817766299200287,64.80484643755608,Rehab
1.1841897150345617,21.411449872706427,Healthy
7.3026354652390335,64.05276338254568,Rehab
7.059630369920174,63.426142609892736,Rehab
6.9423812029664145,63.85986444378162,Rehab
5.610427533236404,62.41358023650141,Rehab
6.627166847908233,62.60681180981674,Rehab
1.2326524371119505,32.91836871632946,Healthy
8.18703030556038,59.31110545392714,Rehab
7.04381147197911,64.30448672069963,Rehab
1.3483996523941828,22.195449882498117,Healthy
2.3072995208766094,27.429903050364654,Healthy
2.4049817109609557,20.970053287533425,Healthy
2.8657551941701214,24.346762762292258,Healthy
5.665974505081795,67.24334001996884,Rehab
9.088374704780728,59.88535805306494,Rehab
1.9652882302947567,26.397607923225166,Healthy
3.3071427542824283,28.392779067303323,Healthy
8.530750832343697,65.06314160508228,Rehab
7.419019009366045,68.02058562287672,Rehab
9.439752406339274,61.0518910004248,Rehab
2.514438834058749,31.460886501798882,Healthy
8.826009713546936,59.93037037341756,Rehab
1.0805757657661967,24.802535342687104,Healthy
5.006264357428544,68.02524423576064,Rehab
2.324166352488442,25.59851926284939,Healthy
5.774234336997659,69.99233164571383,Rehab
3.083051243175277,21.72086644202117,Healthy
2.2320499373576363,27.013253917309175,Healthy
6.264470057410233,67.84067430553299,Rehab
2.0818741393863225,25.665414850064153,Healthy
7.558326912521722,69.80323976307074,Rehab
7.8700677306887545,66.90919387006397,Rehab
6.775366850002976,67.05274526761256,Rehab
0.9647576775806259,29.4407443023001,Healthy
2.8995998754332506,24.082134787563536,Healthy
0.8037933759193292,27.414342651657815,Healthy
8.049552715319335,64.16611522823688,Rehab
1.5289616943816773,27.441433235875813,Healthy
7.39348538542175,63.85334508117468,Rehab
1.1777796044335687,27.49604966217556,Healthy
2.1713682811899706,22.268142873647207,Healthy
2.915402117702074,22.791113065975118,Healthy
0.6955304994951468,34.1488499891527,Healthy
0.3935536797424275,26.311964211127503,Healthy
2.346448209496976,28.68679866964932,Healthy
7.299292580406492,66.24189831564583,Rehab
7.160573981049865,65.29323950358348,Rehab
2.6228499323474987,24.89360977977345,Healthy
1.4241817593553199,22.859311174935215,Healthy
1.7510358515209266,26.896837319398774,Healthy
6.54111573713106,72.23452331574711,Rehab
6.337099082449052,73.02544763978754,Rehab
8.108182816737516,62.33540379997887,Rehab
2.9633761292443217,21.93471039347986,Healthy
2.184633858532304,21.12130342358107,Healthy
2.714000494092092,26.71099430233298,Healthy
0.38728412881034835,31.45522402444745,Healthy
0.7791563500289778,28.58388331389129,Healthy
7.346488475897993,63.12301422451661,Rehab
7.267392314071903,68.69323678765198,Rehab
2.074094780419775,24.345647766102616,Healthy
5.53562511979018,67.3306472414339,Rehab
7.057013124897084,63.52262249448112,Rehab
7.927840128081237,62.516298344635466,Rehab
1.6149177195836835,26.303132854656393,Healthy
3.1792971840638264,22.30210478822076,Healthy
1.8076390352188776,33.72197786841272,Healthy
2.0976760985488316,27.780280620920827,Healthy
7.240753179488569,62.801296738435,Rehab
7.934319911239274,61.532835632877955,Rehab
0.48480893780144774,31.552312771363276,Healthy
2.62834550926428,23.897955154889917,Healthy
2.975545127122359,22.785956303294494,Healthy
7.477040827223122,61.28305007604601,Rehab
1.4861330826633066,26.890975785606894,Healthy
7.44460266822014,68.5121049541609,Rehab
2.341151974816644,24.20337345237934,Healthy
2.49799829124545,22.60911168389374,Healthy
2.822544912103189,22.399401852387143,Healthy
6.426299996061421,68.893693118283,Rehab
1.0730695284219172,26.126947464442843,Healthy
6.394384460263136,62.160916502810885,Rehab
1.927989878419666,20.029646637627106,Healthy
7.224451818559972,62.0413458557492,Rehab
3.465648768921554,18.060486618792776,Healthy
1.8096613219163917,28.303205939968244,Healthy
1.018491348952049,29.828447188747493,Healthy
2.021003841632759,21.501311197623565,Healthy
7.701172742310899,61.39505577261538,Rehab
3.5499344050175394,17.935561174367614,Healthy
3.2378163119734618,21.07356036309137,Healthy
0.8570297021693769,27.731234186332276,Healthy
2.757507710047305,29.887805878637838,Healthy
6.56254169967659,68.09607346202043,Rehab
6.786557129069792,69.28629564360016,Rehab
7.648280433843859,63.53788377304563,Rehab
5.630197020420923,67.69165557080356,Rehab
3.179440120721287,27.787596731670007,Healthy
1.3070904047393457,30.54527775052002,Healthy
2.216458589581975,22.631964487990953,Healthy
7.543298029036388,68.2425034677959,Rehab
1.4006249770462271,26.018733608925462,Healthy
6.570594458874747,68.3263724726935,Rehab
1.4965243458838007,30.289525863645245,Healthy
7.394671529822981,64.75683708939351,Rehab
5.6528737104703035,67.91786439105809,Rehab
6.678364948782617,63.59580464549958,Rehab
6.196325432030269,70.0071748417656,Rehab
2.0245101742589426,25.420137968999967,Healthy
1.7918777496427247,27.705099158112308,Healthy
2.213979910734222,27.69905145129709,Healthy
1.5365823071875377,27.738205862964442,Healthy
5.853654606981312,71.53283498318133,Rehab
5.3314159261224106,64.03185005106663,Rehab
2.6453759495851474,28.29438798760423,Healthy
2.314247332595274,22.4388396004138,Healthy
5.896633393826127,69.16425674360528,Rehab
8.642015160136369,63.73142121011234,Rehab
0.5777462904023258,25.36941335161772,Healthy
0.9376962862738951,27.650583731715244,Healthy
2.443819428146228,22.537287803163906,Healthy
7.330880232214457,57.22854265657338,Rehab
2.7818228717773104,23.618183547202367,Healthy
7.104201103951876,64.61632334496477,Rehab
2.95042383818605,25.871116815704827,Healthy
0.24126051357688572,29.320228189627265,Healthy
2.931280119116199,22.9018088634002,Healthy
1.9108799604872115,25.88071248768743,Healthy
8.471170327493608,66.9885855833716,Rehab
2.2088635950047553,23.00103271413863,Healthy
6.9295012219409085,65.46642961069395,Rehab
8.749576743186939,59.5772585996142,Rehab
4.720169166589619,24.37432695180324,Healthy
1.3534271157574733,31.803340673786508,Healthy
1.7865528482881528,24.83390343841824,Healthy
3.8861859012105304,19.90626060026822,Healthy
7.440474737960399,70.93583752125406,Rehab
1.2846962907400319,25.811328377591853,Healthy
6.634678448687891,66.4655542250082,Rehab
7.395803533437409,64.59737168259429,Rehab
2.7519330326867744,25.167786007463842,Healthy
6.7909767427139744,67.98141379971007,Rehab
1.0601202136726449,25.804035363010975,Healthy
0.4493365689338673,24.023932972987808,Healthy
2.087047068238171,26.532749537849355,Healthy
2.570890510693167,25.49127138022152,Healthy
2.5470973811700377,28.67307361438049,Healthy
2.3577873603482833,23.716256217746317,Healthy
7.0380034781682,71.57775196146743,Rehab
6.079326406920634,63.03544975046722,Rehab
0.5698586220393673,34.17268466282779,Healthy
2.1864543147694278,28.575164322297688,Healthy
1.6723378534022317,27.656310609056383,Healthy
6.516813537700626,65.56826341899402,Rehab
8.148765700372103,56.42974781843697,Rehab
8.200413907944425,65.28193052793488,Rehab
7.183359919779155,66.41424567675534,Rehab
0.762184501173151,30.30738823350517,Healthy
5.19801956241998,74.92989355298857,Rehab
1.52082576215471,27.82767304637982,Healthy
6.464764788439432,71.50306066628693,Rehab
0.9422890710440996,24.48237325862443,Healthy
2.9715709509543555,21.95649565327377,Healthy
6.330927261340084,65.65164139758492,Rehab
1.9255540842338328,30.637024765999882,Healthy
6.888773938651299,72.73528027519085,Rehab
2.504046515517844,29.32320078118409,Healthy
1.5308243478952952,28.884480966978337,Healthy
0.5519156585026759,29.763674614718102,Healthy
1.9444523011033812,24.418859505583054,Healthy
0.29661756064484535,30.138167020023907,Healthy
6.21510168691776,67.51367035682678,Rehab
6.028385961489349,72.73916958853545,Rehab
7.015579047581467,67.25376319646001,Rehab
0.9756123586657102,27.76059558349463,Healthy
2.791031947043047,22.04651273957797,Healthy
7.647195939702741,64.26280036169851,Rehab
0.04791220047749811,33.14651777570887,Healthy
2.9686449905328893,22.62973767863887,Healthy
7.346503881730715,63.71983420449969,Rehab
1.6654987641590515,24.4917710322215,Healthy
8.711708480142343,61.93181994884911,Rehab
1.1602781578192238,35.26024096198242,Healthy
8.196571501664492,67.51987772530548,Rehab
8.542109952567875,63.97012471748899,Rehab
7.4363236696740325,68.3935985197645,Rehab
8.490726136849952,63.87992022190557,Rehab
1.2515134634434464,28.334037650424126,Healthy
6.506243416838688,66.88058871943018,Rehab
2.3323140119795918,25.04948537887996,Healthy
1.0094636748693118,25.01225818948563,Healthy
0.0,28.56068735704653,Healthy
3.158595579007404,23.584549031337197,Healthy
7.538296079049633,58.98550841077338,Rehab
1.8720824085192334,28.61323565891403,Healthy
5.239237240844182,73.64483979782409,Rehab
8.085895565831578,59.08463676224044,Rehab
1.3002744920074143,27.989014525089583,Healthy
2.2598827942484236,24.743005219245322,Healthy
6.1125078221979,65.45635135213338,Rehab
2.8271832490360236,22.012183439155326,Healthy
4.133033374656266,23.413304594480586,Healthy
1.5987795281141637,25.63933626396372,Healthy
7.278994162223802,66.01351071488959,Rehab
2.4040508568145382,30.82228572404512,Healthy
1.2801557916052912,25.049002650377986,Healthy
1.2923305343812193,27.969847302322183,Healthy
0.13273480740825194,24.60402520721362,Healthy
6.348581996385551,71.84318523695529,Rehab
7.529692754356731,65.17117014016284,Rehab
7.06447441481012,66.37701518627995,Rehab
8.672572386837704,62.242509682441515,Rehab
6.6513478655921405,67.29901186050854,Rehab
2.872320636720678,22.70252482945013,Healthy
5.812401580970487,69.91451423258728,Rehab
8.384272818510517,60.23354766609423,Rehab
6.662914028881961,67.7586825178544,Rehab
0.6172002690356639,30.48334780599715,Healthy
5.521088431225872,69.82390402538783,Rehab
6.901110346808857,63.941871311165826,Rehab
6.361038252310498,67.861076400111,Rehab
2.4738329209117875,24.979958896846416,Healthy
2.462103474263271,20.365118891802087,Healthy
4.122156197012633,18.82806784704274,Healthy
7.014688194729197,66.55483219469794,Rehab
7.592526949201183,62.58023816717828,Rehab
6.031655545136365,67.15997398861504,Rehab
3.2669111491866225,24.946131404269423,Healthy
3.1195749114345768,26.04209414556374,Healthy
2.2969846732331862,27.49464974797388,Healthy
7.150418905143576,65.15772244894097,Rehab
2.629628841923612,24.830010734640013,Healthy
1.4930568246288702,28.161115589294415,Healthy
6.310812181910432,61.77876578495995,Rehab
0.9323795706174056,24.055672435825432,Healthy
1.5599555133030163,24.999187800030665,Healthy
5.977207434801595,64.68673283052978,Rehab
1.2269902161445336,33.57663318400998,Healthy
2.385317379728837,24.300725922600353,Healthy
7.758928589786765,63.76534652291739,Rehab
7.260673765823907,62.9980114062326,Rehab
3.09877685198719,22.4832531212031,Healthy
9.075260872625265,59.69901129294106,Rehab
7.381935452231553,66.52257859652862,Rehab
8.262584103427182,64.77059942716747,Rehab
1.240867338446302,29.563939791986332,Healthy
3.551151975522523,24.721385578104574,Healthy
5.58628550309502,66.29768920786138,Rehab
2.5150352672086598,21.12864140809383,Healthy
6.4464117582920055,63.9037677186784,Rehab
7.453534301513979,68.18281384971552,Rehab
2.174577812831839,21.91688026440207,Healthy
1.6786141583470067,23.647709561089613,Healthy
8.078680833431296,68.82641597678102,Rehab
0.5876962986647085,31.07876877278595,Healthy
7.374056569847572,59.75998816973548,Rehab
2.5883172064845765,26.200905824716155,Healthy
7.490974951638251,68.27540907154155,Rehab
5.429499396376823,70.11407905241116,Rehab
1.3228382884878882,25.050930727711837,Healthy
6.990881003355796,67.54441306297821,Rehab
8.50075979063431,60.79470568833723,Rehab
2.1156746342928585,26.32847810088336,Healthy
2.9751197334177513,23.945705871004154,Healthy
2.513785950912209,30.236810644128678,Healthy
2.261055272179889,22.541598308293302,Healthy
6.82737270005918,64.5386184187963,Rehab
2.361395605508414,25.332463926551828,Healthy
5.578189333258156,64.13099287727819,Rehab
7.579291499601088,67.27384182027717,Rehab
1.5146364521708966,25.879890459016636,Healthy
6.374437298490471,66.9506631735792,Rehab
3.8761708392158862,21.16978204920705,Healthy
6.571884839034087,70.35044838530335,Rehab
1.7658630430508195,25.00689776260427,Healthy
8.561511196726853,64.14916073993857,Rehab
0.4658858292643777,29.81637939260351,Healthy
7.040591691203883,65.1950436537366,Rehab
1.814341023336183,32.59752034926395,Healthy
7.034083468259226,68.85742595282883,Rehab
2.8576596232020193,22.372519371676407,Healthy
6.245724149980642,71.35160078524405,Rehab
5.386438602123259,71.56610439256151,Rehab
1.399361310081195,27.980444885002054,Healthy
6.350722454933993,64.5164956875603,Rehab
2.4017117220989412,30.584209575088682,Healthy
2.81286211883896,24.45923089071346,Healthy
8.072507337309801,66.098716093733,Rehab
7.6731813512699585,65.32335403984756,Rehab
7.1252245026479075,66.80144129252486,Rehab
7.076005391412411,68.07437169039086,Rehab
5.907687235327421,66.3166774441418,Rehab
2.1503937864762075,31.239334404255686,Healthy
6.328376632061948,68.44534325632465,Rehab
7.3197819341425365,61.32249709097467,Rehab
1.9673052519059069,28.68276148102862,Healthy
1.1161425637988671,28.74611393912862,Healthy
6.471383318250243,68.18853454520607,Rehab
6.38659733645906,63.79562670511989,Rehab
7.536509843570403,59.517561284091364,Rehab
9.601683114180394,58.83533475569275,Rehab
6.611823181458771,66.67666366514906,Rehab
7.399687951752641,67.06533976606288,Rehab
6.8790518513922185,69.61423445717361,Rehab
1.1607824767773613,26.215616374227796,Healthy
5.676910206592502,67.58668070838293,Rehab
2.296120277064576,24.598134639990736,Healthy
0.7691356835660448,24.57649231667706,Healthy
0.5925362256234448,36.180827968485794,Healthy
7.321697806196013,65.4205393336238,Rehab
2.4919191715065057,26.537983750308882,Healthy
5.82988697394064,66.40154412258731,Rehab
2.0602302099410266,26.719445459077406,Healthy
8.364140429973844,63.81046448587111,Rehab
7.964087168288358,62.86088027369729,Rehab
2.614166700043425,22.74248969373534,Healthy
7.119580368414153,68.14130542482833,Rehab
0.0,35.72193556384197,Healthy
8.476540349725896,65.34516013570229,Rehab
6.972695460490068,69.15224769204484,Rehab
3.5792128155073915,21.06439259626861,Healthy
2.7916626939629356,22.848094530614325,Healthy
6.980362201073318,63.038281624036635,Rehab
6.348643106208171,66.19388277945275,Rehab
1.8617356988288154,32.00477852375276,Healthy
2.2504928503458768,31.04588258414428,Healthy
1.6078918468678425,29.896836139038015,Healthy
0.6795433869157237,28.478028626615117,Healthy
1.4702397962329612,29.550527857166813,Healthy
6.962777763490158,57.31039302253586,Rehab
0.0124310853991072,33.406399958822576,Healthy
3.0538020520349027,19.667012006839514,Healthy
7.051945885807299,68.607912751644,Rehab
1.8698569456323155,29.45672723393142,Healthy
2.852433334796224,27.338243525461944,Healthy
5.934886336924627,61.67478112216283,Rehab
1.8529426184978615,26.99675896061384,Healthy
8.317394065634325,59.94014452633083,Rehab
7.536652752527286,63.92523602567739,Rehab
7.01035261984338,65.17370281659574,Rehab
1.7509639604436216,20.829449886276162,Healthy
1.8912398515431423,30.860035900903902,Healthy
7.860473488359745,62.88312165294035,Rehab
4.500594285126427,74.95015663176675,Rehab
4.1514573793699245,69.45545020381668,Rehab
6.419476550195277,68.8278602976198,Rehab
3.058424486849588,28.579723114003844,Healthy
2.1307405772860912,31.175864519418607,Healthy
2.2809918677350325,25.227519130153993,Healthy
9.157308213265503,57.98233695782923,Rehab
1.7009926495341325,28.910610282592636,Healthy
1.8843517176117595,27.82070909852233,Healthy
7.281191423969376,64.3371439166172,Rehab
1.433702270397228,26.755234698906598,Healthy
6.740957854179297,64.03531362969524,Rehab
8.030283454031842,64.46875775776799,Rehab
6.101532018208963,63.0445281345656,Rehab
9.142270358611864,58.83714157260583,Rehab
6.164652946740243,69.79904955793664,Rehab
4.847109407047517,74.3271325239744,Rehab
2.8563987943234723,27.7651918214458,Healthy
6.832878286213589,74.26727346862393,Rehab
8.633431532301096,68.35303026405045,Rehab
6.796419639897638,65.9006955506347,Rehab
7.5228354880355,68.61743011050507,Rehab
2.821902504375224,17.722789064225896,Healthy
5.354601253043108,67.46733153263048,Rehab
0.8936650259939718,30.826044058307133,Healthy
7.722381357827771,61.6402670807206,Rehab
1.4694988523894725,26.940528443288024,Healthy
7.07863519031609,67.70019240238341,Rehab
1.4084286111641702,25.746896912681226,Healthy
1.4362754471960253,26.485482572931424,Healthy
1.9404746439382,26.485080156059684,Healthy
1.3548802453948756,26.23569905708632,Healthy
7.72762954363698,65.85442032519904,Rehab
1.9641739608900484,27.05243419951239,Healthy
6.7906763228481335,70.6056987866736,Rehab
0.7391160456649548,25.752068170337377,Healthy
7.184680305864909,64.5206062986238,Rehab
6.755843364709351,65.48398727426168,Rehab
4.190455625809978,20.08544171908649,Healthy
2.82206015999449,23.590948027748457,Healthy
5.790358981308795,72.54025767287129,Rehab
2.496714153011233,27.78510433657246,Healthy
6.322284630247894,67.37469754893702,Rehab
0.0,32.08548773395574,Healthy
7.0320041490657665,64.51447366065571,Rehab
8.73596380316525,62.28003033614141,Rehab
5.407006266468331,69.56512620570258,Rehab
0.754261221288012,30.339284378256767,Healthy
6.3942850769966615,65.434037068548,Rehab
0.0,28.77947312106495,Healthy
1.780328112162488,27.454832998158267,Healthy
1.5069990653411671,27.609064930806998,Healthy
2.324083969394795,25.611601423629107,Healthy
1.2271747854624282,27.888333375061265,Healthy
1.553485047932979,25.810131406676803,Healthy
7.021271576736062,65.80327567576242,Rehab
0.9627538456735436,33.46755188920148,Healthy
9.290942572590742,61.063909273845276,Rehab
7.3918040054025465,64.46625244539804,Rehab
6.331909546356951,73.03975296454512,Rehab
7.224684725751886,68.4100056846245,Rehab
1.3199752784215093,26.55338337149249,Healthy
7.169360824036078,64.923090887538,Rehab
3.0571222262189157,23.27661938943319,Healthy
8.380091354147451,66.92061696335801,Rehab
9.210523001591351,67.09350502720267,Rehab
6.307094802204093,67.02466690373102,Rehab
7.3933178393943715,65.10225393006603,Rehab
7.048860070325705,67.13173583013413,Rehab
1.5305256140650478,27.084513655704384,Healthy
9.492999517432791,61.359079202576666,Rehab
7.99626681944714,65.40675630840629,Rehab
7.992042349536523,63.833932859483085,Rehab
3.852278184508938,17.310883444175246,Healthy
2.5607845263682343,28.0254586247742,Healthy
3.368631557532349,18.693176170583975,Healthy
1.8482149049644168,28.80533665371788,Healthy
5.756136764608715,71.8089684786435,Rehab
9.403415585238275,62.08942755462051,Rehab
9.013387247526623,60.66406783336705,Rehab
7.838490774451642,66.33703868044812,Rehab
1.7978073475661058,23.720563398209276,Healthy
2.9540017634932023,22.457239212586746,Healthy
6.356481769619857,61.88386325830207,Rehab
1.4377124707590272,29.390748735959214,Healthy
8.213097699979183,61.34639284294749,Rehab
7.309820710227028,64.60171854679419,Rehab
2.959270826085207,21.888668228003826,Healthy
1.5393612290402126,28.652493923461197,Healthy
4.189802933217672,21.5711254453464,Healthy
1.4006073545559778,25.606178972127083,Healthy
1.7765372146741492,22.780542143975865,Healthy
1.062174960084877,29.693679933867163,Healthy
3.502357052096028,24.315329245967945,Healthy
2.7116148780888896,23.65343553896322,Healthy
6.442508214992166,66.4445856229001,Rehab
6.719324923133226,65.59438874609953,Rehab
5.078880808455238,15.090529912632352,Healthy
0.48515277531413536,30.362484383829848,Healthy
9.165002344901083,63.17252873503121,Rehab
2.117327383308782,24.83782886297652,Healthy
2.8135096360006386,24.962645057533447,Healthy
7.742095372009307,64.4365919851046,Rehab
7.557810306351862,67.57489733489287,Rehab
8.37570681331162,67.48524803962304,Rehab
1.2436492547156965,27.5018938732969,Healthy
1.338213535231612,32.319996262924505,Healthy
2.067518481410109,26.44723301587471,Healthy
0.04032987612022443,28.765673615070074,Healthy
6.809317599236653,65.50593099478007,Rehab
7.170416222375488,65.03481698343141,Rehab
6.742623462576655,66.9374118155803,Rehab
2.2436872114919124,27.537084053515983,Healthy
1.735343166762044,29.336348845918295,Healthy
1.474244978319239,30.183992674568735,Healthy
6.84147042697303,61.329583181946916,Rehab
3.135565640180599,23.438729384027628,Healthy
2.681952971294964,25.43724485501785,Healthy
1.1915063971068123,28.16258597096186,Healthy
5.559949117405706,71.83729175222817,Rehab
1.6572854834732305,29.29424679337052,Healthy
8.677700814076442,59.48355111440806,Rehab
3.896792982653947,26.718393000440173,Healthy
7.0566499248971075,65.49292924892887,Rehab
7.4137990974514985,67.01850425713616,Rehab
6.376231039304195,68.21677574073969,Rehab
7.081829358547565,66.47593116761793,Rehab
6.690883535797498,64.54096998878344,Rehab
8.227668992473292,65.07826981362837,Rehab
3.765454240281097,20.63453811046196,Healthy
7.708108676688591,60.069621524529815,Rehab
1.7546118839971294,18.537866806826706,Healthy
1.689733243406544,29.289425900057225,Healthy
7.238789159026513,64.42133816469702,Rehab
3.032465260551147,27.095994868721224,Healthy
2.3109075655980047,23.5087632895297,Healthy
2.361636025047634,19.664352186827166,Healthy
2.6901439917111123,22.781345945124617,Healthy
2.0698020849900187,25.637095542719823,Healthy
5.024533433646129,71.27675508141597,Rehab
7.192049116490032,64.32799509346816,Rehab
2.625667347765006,26.913681496599693,Healthy
6.418319086051357,67.37351831723683,Rehab
1.7305931655554423,22.194771967640385,Healthy
6.90166037320525,70.76062740935684,Rehab
6.861544016016226,66.11222996611869,Rehab
1.1817793167665274,34.5331357373247,Healthy
3.5230298564080256,24.64284799725566,Healthy
2.8816397569494505,24.31737800308469,Healthy
6.705050321707972,64.98391479872228,Rehab
0.5752518137865432,30.56129237820639,Healthy
2.5765569630557663,23.489967116141237,Healthy
1.0444595593995742,29.187453566555746,Healthy
1.1793176816482895,26.011090323302128,Healthy
1.153206281931595,29.826467340747286,Healthy
2.3665982460968484,20.690227995032085,Healthy
2.1968612358691235,23.875601919692308,Healthy
3.586016816145352,23.968559920727184,Healthy
1.6146864031382397,28.632643486375553,Healthy
2.2240924818104166,26.409411208553884,Healthy
5.597394728200307,68.40730930445167,Rehab
3.4412732890661157,25.240709228234195,Healthy
3.6449677135012837,21.371514273353093,Healthy
7.69822331361359,64.09299950519804,Rehab
1.1387157986717362,25.67661565866313,Healthy
1.973486124550783,25.88627373816707,Healthy
0.763049289121918,20.383241492931447,Healthy
2.012592400781795,26.978185568397485,Healthy
4.314658566673509,22.29408817332916,Healthy
7.507991326912544,62.72754812940316,Rehab
1.8854601547473822,29.848606590030307,Healthy
1.4817297817263526,33.84861900996048,Healthy
2.0685629748060275,30.451525008769785,Healthy
2.035263551971729,29.916930486453836,Healthy
1.5499345285207564,27.473428147018197,Healthy
7.65232287841342,61.70019792560828,Rehab
6.849944412967473,66.0611870003279,Rehab
7.486501643826202,63.07698896987722,Rehab
5.896410682784229,66.9123176962774,Rehab
2.2575503907227645,20.148738471841636,Healthy
7.181021558703707,66.4453377063279,Rehab
2.6621306745210465,20.669705574827603,Healthy
2.005113456642461,24.656893306486744,Healthy
1.5157659271337487,34.865614340244676,Healthy
7.916327674702481,64.22972577362127,Rehab
7.940771187988216,67.68149578940826,Rehab
4.40895770785509,69.17022395705989,Rehab
2.2140937441302038,22.328622528939903,Healthy
1.8387142883339909,27.562876133003122,Healthy
2.7384665799954107,27.030143176204604,Healthy
3.305478807154329,26.484576004097246,Healthy
0.7522168180351505,26.386037088552037,Healthy
6.974445929008555,68.79186202068264,Rehab
6.230026768941358,69.04322897193683,Rehab
1.6907876241487854,25.320750188243565,Healthy
4.463242112485286,17.697048633134298,Healthy
4.092387275685461,20.7267097673101,Healthy
2.3571125715117462,24.039911115274105,Healthy
2.0970775493480405,26.020543612962097,Healthy
2.3015473423336124,25.784568861258457,Healthy
7.61277390506257,65.14246313785925,Rehab
7.538755992446369,65.14878893181204,Rehab
2.3227185603380893,23.697893746480908,Healthy
2.046980593764742,29.741394400292414,Healthy
3.1581108735000676,28.422494690192003,Healthy
2.099651365087641,25.9678720066908,Healthy
1.1243817466152428,26.037699537421126,Healthy
7.883659937486672,65.63900289325173,Rehab
7.73264007721558,57.44592253894333,Rehab
5.955190805978966,74.311866397292,Rehab
1.7474318486068396,29.952956281643345,Healthy
6.723186700111079,72.42866896243963,Rehab
6.244254840507155,62.970347141147215,Rehab
5.775701763710634,69.3052586971517,Rehab
1.281555778747564,25.523668489750925,Healthy
2.293072473298681,33.13393446315222,Healthy
7.594754341665286,67.33235139618309,Rehab
7.753341621104532,58.08629411585485,Rehab
6.390217095680618,58.39839990464592,Rehab
1.2462638356425104,30.781992884482364,Healthy
6.294988144241591,72.24685848548275,Rehab
0.4806300340459866,26.190543265412195,Healthy
7.833528961608924,66.36656803537487,Rehab
7.1975996046924,65.02382241277604,Rehab
5.42360784301575,70.0581600134269,Rehab
7.307406697809101,61.69653782102455,Rehab
7.5689830791852755,67.71295661755018,Rehab
6.827053940076577,63.02877811438904,Rehab
9.319329539981695,59.52603364732075,Rehab
1.4982429564154636,27.74817584607008,Healthy
7.565509645631544,63.081996826606435,Rehab
2.473237624573545,24.3325485563785,Healthy
0.6718139511015695,31.675250525440184,Healthy
1.0350765394198955,26.253081379345446,Healthy
3.5231240772696575,19.94889181577594,Healthy
3.475356216949552,21.38285620862013,Healthy
2.311250154543536,18.10586171102606,Healthy
2.767434729152909,21.873158232654735,Healthy
6.011408892849083,70.97211490874571,Rehab
6.026931059118445,62.70054196204856,Rehab
6.935861653407008,66.33184322476819,Rehab
1.525054688839044,27.51019091575315,Healthy
8.196631486645652,65.38740719355128,Rehab
0.7997035929442238,29.95356987551892,Healthy
3.1631637521549596,25.570895712856643,Healthy
5.95308901731806,70.18468517889607,Rehab
2.5868570938002704,29.60584569231765,Healthy
7.918316606002313,61.45226120580499,Rehab
7.55623000940066,71.58144041977658,Rehab
6.702436496640008,66.66778537673827,Rehab
7.459972142939116,66.71890845813287,Rehab
1.7823187967727798,25.874747473970363,Healthy
1.0919759244787892,28.1140450673301,Healthy
6.709725455811348,64.19247151796682,Rehab
7.998010109859652,63.45529045696618,Rehab
1.98148686400761,23.539959552672094,Healthy
2.81351721736967,20.5030828660375,Healthy
1.1027456285141684,25.03855290351907,Healthy
8.189470488924641,60.75569128410266,Rehab
5.985243269307134,71.51514836921031,Rehab
6.629385667913894,65.9278578610445,Rehab
7.662881268667412,65.59838908117749,Rehab
7.850221742113493,61.868799204729875,Rehab
0.5641378488205606,27.184323974676076,Healthy
6.650742295681571,70.14442745692301,Rehab
7.179894151153478,66.85140196870287,Rehab
7.003046020153414,60.34836082320026,Rehab
0.23695984463726605,27.71412475057801,Healthy
2.0758045581937266,22.83596858335634,Healthy
7.550052099024552,65.74975941658931,Rehab
1.0253183297726784,26.228377319813934,Healthy
8.050654396007612,67.34402833557505,Rehab
6.246582129653817,67.46347892805753,Rehab
2.0773683076476184,25.103731237142973,Healthy
6.55671774880849,63.61366521173743,Rehab
7.424165946401916,70.71394580619874,Rehab
1.2979469061226476,28.84104566499388,Healthy
6.5161141659456785,68.86020672177297,Rehab
7.9190764829877685,63.204685227024605,Rehab
2.6862601903745134,20.582923352933832,Healthy
1.4398189598030304,25.57222789574182,Healthy
6.803650150915022,66.65113134730909,Rehab
5.68816376764984,65.95009578845446,Rehab
7.815737212539297,65.85862324463098,Rehab
5.001799315467892,76.16888777819932,Rehab
5.71700777581143,64.49623903450691,Rehab
8.301741289398798,60.96770686143746,Rehab
7.677925871339269,67.53870315661383,Rehab
1.0142739536644563,24.216833820099755,Healthy
6.683591550305198,67.21663926510134,Rehab
2.19905969557347,23.420469081378453,Healthy
1.090612545205261,29.233179980997466,Healthy
5.581634267066969,71.01201882641006,Rehab
0.27508216748696723,27.719521673321065,Healthy
3.7553408424432044,19.40977241688041,Healthy
7.58857840442061,65.09158523492452,Rehab
1.346670767426288,25.04050966808746,Healthy
7.308833012598964,60.063236570181424,Rehab
2.5193465142411724,25.570076034071555,Healthy
6.919283419891418,63.13224104608736,Rehab
1.765846625276664,24.51637904208119,Healthy
1.885263558533101,22.390741982726695,Healthy
6.298008312193245,69.4217044792217,Rehab
0.8086965027973514,28.97686127670886,Healthy
7.543600154594432,69.39086539768971,Rehab
6.5322987986881085,62.24776483196415,Rehab
7.388578604530964,59.59732538200084,Rehab
2.7589692204932676,27.79196720506303,Healthy
7.184551303197037,67.75580893520912,Rehab
5.0336434106239984,67.17455940399275,Rehab
6.8475301636194565,66.055622954875,Rehab
1.9920273586833825,26.641093706475893,Healthy
8.238283071433635,66.90158460944923,Rehab
3.003532897892024,20.96867527146374,Healthy
1.172769056447677,29.55325734037118,Healthy
7.8949243769444415,66.75241627756238,Rehab
3.9647251329163895,23.998718013769853,Healthy
3.6324113039316352,22.630211920645845,Healthy
2.412931454275624,28.127104286878502,Healthy
1.1710049890779277,30.47284143977214,Healthy
7.895193220027732,66.29877590231467,Rehab
3.8314587658543537,25.844969239628313,Healthy
1.4556172754748173,24.79898797942281,Healthy
2.1109225897098662,20.363508518586713,Healthy
7.381158384882777,74.65092883121442,Rehab
3.5327389130025777,18.387289829003148,Healthy
2.058208718446,28.655663620728703,Healthy
3.479944138890026,16.914907116947077,Healthy
2.513267433113356,22.405213656046687,Healthy
6.953079421120816,68.47663519662385,Rehab
7.613517972730417,63.306415789180335,Rehab
7.586364018755093,64.73948352143488,Rehab
1.3997831228412054,26.457877847663077,Healthy
6.697530313511872,66.93061849030583,Rehab
0.39251676543877245,28.43619241503164,Healthy
6.326509375756132,68.34292224019478,Rehab
2.717542255795962,17.96849761854783,Healthy
5.946584436826344,72.980866501756,Rehab
6.82692817571613,63.15896306412709,Rehab
7.9960476858058165,63.68599819637567,Rehab
0.6797667929793578,31.840490482808747,Healthy
6.825040243304591,64.22469921265943,Rehab
4.10374462180631,75.91714001383193,Rehab
7.197910783462648,65.23893590792485,Rehab
7.541462728204788,61.336164048320974,Rehab
7.7591551603026465,67.23915220022471,Rehab
0.5981489372077191,32.8399622640495,Healthy
2.0917607765355024,21.38071970958947,Healthy
8.328194141849059,68.54115671475715,Rehab
7.507835756289624,63.56805675432937,Rehab
3.088950596967366,23.270148797007234,Healthy
8.914031353866786,61.414876785887564,Rehab
8.528468426412532,62.43863169142057,Rehab
3.6871416350725648,21.96282420836588,Healthy
2.173180925851182,27.43294192220279,Healthy
7.3649610024662255,74.84940069860214,Rehab
7.125576453471543,67.10596248180612,Rehab
6.4357524013426115,70.6952353117387,Rehab
2.651391251305798,25.89462584044462,Healthy
5.239191188019224,71.07015248530642,Rehab
5.896791634278317,67.34840406580304,Rehab
6.353063222294426,67.2837501831783,Rehab
1.5280681342105664,27.45646004596269,Healthy
1.9877532271530853,21.991142012591,Healthy
6.160790332660993,68.39615992701145,Rehab
1.892969640045442,27.24223675904223,Healthy
3.277664895788425,24.11107152332429,Healthy
7.638730222029185,67.48022635966724,Rehab
0.9222552220706939,29.198234671943624,Healthy
5.903724913104798,67.63111737877676,Rehab
6.778746376414228,69.74538615216726,Rehab
3.451143607795042,18.959755100366333,Healthy
6.44969484615458,66.42117363198626,Rehab
9.145149127773388,60.4032426327437,Rehab
6.974973041254856,64.60087076243997,Rehab
6.2432049114305395,68.85674095456976,Rehab
5.7723921848630075,69.72601282705436,Rehab
6.67965269180568,63.568134143401025,Rehab
3.030999522495951,24.950808941233706,Healthy
1.986502775262066,25.828755053533918,Healthy
8.02257043200964,67.84584277566405,Rehab
8.399355436586003,65.53637235532791,Rehab
8.639116805444068,57.8728345638021,Rehab
1.101585328651642,30.25827588628881,Healthy
2.4735924306351817,23.772171928887374,Healthy
6.453755551747517,71.26988479669795,Rehab
6.115197285973099,66.53716256419006,Rehab
9.579709337654318,59.93104197618854,Rehab
5.633121301584579,71.64212899841105,Rehab
7.223914134064661,67.09389528084742,Rehab
8.3920022863446,63.14340860813805,Rehab
6.398632356048786,69.81662718027417,Rehab
5.790305257158892,68.12362508882943,Rehab
6.423489599273281,70.15476775558237,Rehab
6.860410371844826,63.88160323635958,Rehab
1.197722730778381,31.671468114858094,Healthy
1.8876719503091701,25.95544901651998,Healthy
6.017512606461691,66.57112289518143,Rehab
1.285648581973632,27.6063581380962,Healthy
3.1428228145150205,25.157382066180098,Healthy
2.679597748934676,22.305890325923713,Healthy
8.024062525811463,63.46267405654579,Rehab
2.1833420057383517,26.30467984343999,Healthy
8.628396623128538,67.8750468714887,Rehab
2.120295631711899,27.695861279999427,Healthy
1.1104855703744767,31.51728443674393,Healthy
8.68392769145787,62.54959990193235,Rehab
7.43693816974635,63.47994893728442,Rehab
1.1428424435837174,24.327159799180876,Healthy
0.9871688796655762,29.52841380354199,Healthy
7.495681887972605,64.77512463301638,Rehab
8.669904504351406,62.06817573037521,Rehab
2.3417559757771595,27.068272604423573,Healthy
6.246035411133324,72.35405624614168,Rehab
1.6779384837943243,26.864076933976563,Healthy
3.353872374165413,23.732396310969143,Healthy
8.236093175210437,65.18226977770053,Rehab
1.579354677234641,24.074794672997843,Healthy
5.3070431858046145,73.03738919086726,Rehab
7.956702316794584,66.36676325747965,Rehab
8.172729019259364,61.245005109440235,Rehab
7.43004164719107,67.2192335274073,Rehab
7.268592278863257,63.600272647520136,Rehab
1.6988963044107113,30.92691325315228,Healthy
8.702214944635237,66.3813346128715,Rehab
6.153038651681673,75.4626136226925,Rehab
2.6116762888408678,25.5399099522219,Healthy
0.831321962380468,30.51465594693514,Healthy
2.3436182895684614,26.426201040977006,Healthy
7.734877786049817,64.82419388831306,Rehab
8.727543170100711,61.42829333158542,Rehab
6.813028697014554,63.41240402451734,Rehab
5.5151020315500965,65.88677051412192,Rehab
2.917861947054776,20.109222289041448,Healthy
7.148667457202111,63.86535296167447,Rehab
0.9974706353621912,26.29281984802719,Healthy
2.812525822394198,27.978590121703437,Healthy
0.6198985417851086,30.885272258327845,Healthy
0.918451996385605,30.795182878955806,Healthy
6.060664606181246,64.60747355530897,Rehab
2.5219415656168978,24.26331327814017,Healthy
0.7858113872122678,32.788530656928565,Healthy
2.375698018345672,25.392858803292803,Healthy
2.6476885381006925,20.508920202341194,Healthy
2.010233061019587,28.897197226841016,Healthy
0.0,40.16278829494453,Healthy
6.635047270457115,63.51167638186635,Rehab
6.852997998371511,68.71817739810041,Rehab
7.419532443907028,68.00351449855451,Rehab
7.233785911790748,66.10117302621474,Rehab
1.9228982905858958,25.126140636587163,Healthy
8.105525932957985,64.12875936569732,Rehab
8.390207549017314,68.05624678673165,Rehab
1.446350694652818,28.816600451390975,Healthy
2.4127809269364984,25.49372882920269,Healthy
2.624119817052155,23.49119991460812,Healthy
8.594505063224972,66.37314802824432,Rehab
8.726963851233405,60.66592062376329,Rehab
6.751308873816453,67.25860123685081,Rehab
1.7654128666248532,27.60107574588485,Healthy
0.2868654709091225,28.924914817231194,Healthy
6.620872259012513,66.44490782636255,Rehab
5.852731490654721,23.383906123560674,Healthy
7.949554135441324,64.58046090510955,Rehab
1.4697423816275592,26.814061701567173,Healthy
2.633919022318011,26.149954402603107,Healthy
2.0642800190954627,25.926741761005253,Healthy
6.09609235853521,67.28015784563257,Rehab
9.252435805344309,65.44792099613527,Rehab
2.5389100436846586,24.078879033972818,Healthy
2.7472936051232617,24.793775120576427,Healthy
9.006092888159124,65.19826493863104,Rehab
7.494030186282739,62.37799186716483,Rehab
8.047098302612154,55.28901675493074,Rehab
2.610370265433465,23.392433603017942,Healthy
7.924633682912769,62.49717548518886,Rehab
8.190646274786342,63.89724215385066,Rehab
7.474698232879953,67.73571847646845,Rehab
1.4106352430557885,27.993466025474543,Healthy
4.846609886396285,71.28416917695392,Rehab
7.633776880932098,66.94887768079832,Rehab
5.703168052044154,67.56408706941946,Rehab
6.281592734430802,60.91880589309629,Rehab
5.960094072874469,65.21982602947493,Rehab
6.993929088460106,65.53174343637987,Rehab
0.8167414873342249,26.700918445251954,Healthy
6.066732040926804,71.24665132862914,Rehab
6.21401053949205,67.81929817981941,Rehab
6.975645407739017,65.36925688797247,Rehab
8.573986763290034,58.06791727161955,Rehab
0.5846292579495858,31.10170733403688,Healthy
5.804116937964816,67.80704128301232,Rehab
4.143944089325325,24.799578733326282,Healthy
6.814712341122291,63.56425921162164,Rehab
6.416922561431061,66.84830981422546,Rehab
2.276690799330019,21.224083317186498,Healthy
8.289752754082745,66.58866491903267,Rehab
7.96387911679491,65.17410370661419,Rehab
6.855912444278385,70.52097225068204,Rehab
1.7631813932599911,26.92454249786565,Healthy
6.677320161157864,63.0635846584871,Rehab
7.5524899544171475,62.86178517959115,Rehab
0.4055723412056329,30.294875244207436,Healthy
4.060747924881987,25.09939939981534,Healthy
7.10537550614596,67.5493303921339,Rehab
8.16082678737852,65.22616407835527,Rehab
5.8569950872695165,66.28157756884399,Rehab
2.153725105945528,21.939209058953036,Healthy
2.013001891877907,22.642268679846698,Healthy
7.93259083187309,65.6740745965457,Rehab
2.2274599346041293,24.53772603292136,Healthy
6.390487797840716,66.58563368783548,Rehab
8.185704154662997,67.14796560343393,Rehab
7.217432873179723,60.87556182755058,Rehab
2.9551423205012384,25.145881548540412,Healthy
2.6860514599984393,25.759532705196687,Healthy
6.937406872100477,63.35795570230354,Rehab
1.2167467076637628,30.036018336558218,Healthy
7.981765486991594,61.0168413301779,Rehab
7.201099046714967,64.31872911795344,Rehab
5.443418101340249,64.26776834960297,Rehab
8.613711269058648,60.84192796493032,Rehab
6.008607650543693,69.72168421855334,Rehab
7.56390912005236,63.35785699621063,Rehab
3.865774511144757,22.310238853449324,Healthy
8.218761851697316,64.26212469039588,Rehab
0.993982618500298,26.67552719879709,Healthy
1.4230963443375968,30.47991805307353,Healthy
8.501333651955488,59.61703028935961,Rehab
6.694775295645332,64.45298945098209,Rehab
2.3287511096596845,22.792964672286256,Healthy
2.2449665711087228,22.141900793095658,Healthy
2.515047686306048,18.724116403736737,Healthy
2.8496020970210245,20.47055007849702,Healthy
8.607345576019993,64.18838836325631,Rehab
0.5364850518678814,27.396980699699995,Healthy
5.6687670464422215,64.28981140872077,Rehab
2.2322536971610036,22.215914879452985,Healthy
6.984690150827005,65.62769347393434,Rehab
1.2074792615672993,22.062418782870466,Healthy
2.384065448939307,21.390955906108704,Healthy
6.928398740585936,62.92678548287131,Rehab
7.771698710648344,64.392500695658,Rehab
8.247742072673734,63.23291600774005,Rehab
5.628098857068643,67.81969943330549,Rehab
9.061503576636397,61.79742906898002,Rehab
7.597400069849858,70.99277461802973,Rehab
1.840061470036573,29.886926653249507,Healthy
6.944230922342294,70.05628151606756,Rehab
6.775234598107317,67.73111388940042,Rehab
6.1494795457907,69.63668766626877,Rehab
7.3213572154502735,66.81148402098287,Rehab
1.534270246429743,26.7807451787931,Healthy
1.779030400466777,30.762290845414867,Healthy
7.141716913639905,61.75649863905807,Rehab
1.724948302848356,26.934416639035657,Healthy
2.331263431403564,26.520829564327762,Healthy
0.622330632042909,24.085451215342474,Healthy
2.7746340534293368,26.551661531368303,Healthy
7.122297503032284,67.65956939962074,Rehab
1.7083062502067232,23.87043762427333,Healthy
1.7742236995134644,28.081633178112874,Healthy
4.446078865098045,74.90496579239802,Rehab
1.8576205149787066,28.52351966812425,Healthy
8.173473857485325,62.47810658276397,Rehab
8.039904687396076,63.29252500397427,Rehab
0.8753579081621308,28.906735166667556,Healthy
3.453534077157317,28.349743175956235,Healthy
0.08671975534220211,27.103869503190804,Healthy
6.5120885918542974,71.82257128693611,Rehab
2.6565536086338297,24.253811546960513,Healthy
6.675168616491377,70.06929845040439,Rehab
5.2602862212219,72.13156374663934,Rehab
5.880330105373856,67.39535711789765,Rehab
1.2071271677376558,30.93763315928907,Healthy
2.203463635867223,25.449938659839614,Healthy
2.5425600435859645,22.422029563594958,Healthy
3.564643655814006,22.213411101945397,Healthy
2.6696725488300386,21.450400603361462,Healthy
6.961491530499293,64.70572816924259,Rehab
2.0675282046879238,23.87707231378661,Healthy
0.9291075019388877,26.568224197282905,Healthy
1.1745028032074885,32.30249587202725,Healthy
1.398293387770603,29.119190600790915,Healthy
6.870179300266574,69.51758774799195,Rehab
2.113517345251248,26.306068312297267,Healthy
2.8254163489880297,28.69010095508514,Healthy
5.163794626896704,68.74478351505701,Rehab
1.3230779996940414,30.85719018559134,Healthy
2.005243699718183,26.075747069368088,Healthy
7.399223122605279,66.17105689734379,Rehab
7.133540904782282,61.51396579941994,Rehab
3.628615545571292,19.679070457465276,Healthy
7.853415558780307,65.93336958704353,Rehab
2.045571839903814,27.133614587335785,Healthy
7.455887772081607,67.00237776015905,Rehab
2.0969959649927183,24.254142719713446,Healthy
7.028181157369128,66.7450176382962,Rehab
6.637559058596868,68.93541357408355,Rehab
1.2696333682828633,28.04826902872732,Healthy
6.911717951648745,66.1183052790393,Rehab
7.32876241030348,67.90079620475969,Rehab
0.8490064225776972,23.419359841195117,Healthy
5.705318524279094,68.79033510311643,Rehab
7.1365353310827375,65.39809992605703,Rehab
7.421920754235285,62.617088526556806,Rehab
1.6847307553596544,26.517634382006147,Healthy
7.718953310665067,65.67101995526416,Rehab
1.937320902726828,25.401650020977353,Healthy
2.3570154859650474,22.04279940684512,Healthy
5.474343685429905,67.12686784347133,Rehab
7.635171801681969,67.5955720223476,Rehab
9.056207129940322,54.296723171880366,Rehab
0.08122878470095851,31.80063939966026,Healthy
2.482472415243185,26.503178853197383,Healthy
2.241962271566034,24.799231316268703,Healthy
3.3668742674445244,21.30837952720378,Healthy
0.9407864781110484,28.84844539174598,Healthy
2.5951570254369134,29.037728269682912,Healthy
9.558199285668252,63.14647541810422,Rehab
6.600363814385398,69.38645278837748,Rehab
8.009817089342635,63.09416159089765,Rehab
1.1917017146448485,31.181776391054555,Healthy
5.7760597332377435,69.16298748172886,Rehab
2.787084603742452,22.78525396879392,Healthy
4.153182457511557,21.594254166355494,Healthy
6.311849654822276,67.88168361916429,Rehab
7.2825799504883,60.925929113837945,Rehab
3.3562400285708227,22.0632938237937,Healthy
7.120031326718261,70.38966793138005,Rehab
8.208366230593143,60.93764358513056,Rehab
3.402794310936099,28.840484867552902,Healthy
3.4778940447415163,24.942557508835822,Healthy
7.076821891060256,66.72703001437938,Rehab
0.5214780096325726,21.54211048035299,Healthy
1.3773004801794062,22.262516239093216,Healthy
6.010371863429662,64.44213689966126,Rehab
6.865982833327083,68.23573666293512,Rehab
1.9271710873431271,25.02119540266495,Healthy
6.749166983544953,66.93049531720122,Rehab
8.091310120594269,63.94818709792882,Rehab
9.076747983560841,62.03154358242223,Rehab
1.9809837920973112,30.299545159774944,Healthy
0.0,33.72770695172996,Healthy
1.7113413610798616,27.991563946999488,Healthy
6.448141854107553,69.50494486746794,Rehab
3.277676821898509,28.177006195493405,Healthy
